id,club_id,match_id,players_id,matchperiod,eventsec,eventname,action,modifier,x_begin,y_begin,x_end,y_end,is_success
2182818,6,985,287,1H,1037.927012,Others on the ball,Touch,missed ball,58,17,74.0,18.0,
2183239,6,985,378,2H,70.86034800000016,Others on the ball,Touch,missed ball,91,65,93.0,61.0,
2182675,6,985,378,1H,428.48219300000005,Others on the ball,Touch,missed ball,56,31,55.0,33.0,
2183192,6,985,442,1H,2592.509527,Others on the ball,Touch,missed ball,52,78,55.0,52.0,
2183070,6,985,1242,1H,2159.87708,Others on the ball,Touch,missed ball,62,95,60.0,100.0,
2183704,6,985,282,2H,2112.0762000000004,Others on the ball,Touch,missed ball,78,77,78.0,68.0,
2183031,59,985,2065,1H,1913.393243,Others on the ball,Touch,missed ball,97,15,99.0,31.0,
2183677,59,985,257,2H,1973.149972,Others on the ball,Touch,missed ball,78,56,87.0,75.0,
2182646,6,985,3234,1H,235.201433,Foul,Foul,,37,36,36.0,31.0,
2182681,59,985,2065,1H,438.912906,Foul,Foul,,33,10,38.0,7.0,
2182770,59,985,1314,1H,759.376315,Others on the ball,Touch,,59,88,68.0,98.0,
2182790,59,985,1739,1H,924.864307,Free Kick,Goal kick,,0,0,19.0,12.0,
2182859,6,985,378,1H,1214.024224,Offside,,,67,78,100.0,100.0,
2182913,6,985,150,1H,1480.14505,Free Kick,Goal kick,,100,100,62.0,25.0,
2182938,59,985,311,1H,1579.927263,Foul,Foul,,61,38,59.0,33.0,
2183042,59,985,2065,1H,1982.575707,Foul,Foul,,15,6,17.0,6.0,
2183094,59,985,1739,1H,2263.06451,Free Kick,Goal kick,,0,0,61.0,86.0,
2183163,59,985,311,1H,2481.056487,Foul,Foul,,61,20,66.0,16.0,
2183279,6,985,359,2H,170.02095000000008,Foul,Foul,,74,72,73.0,73.0,
2183320,6,985,3234,2H,311.7100599999999,Foul,Foul,,37,35,34.0,33.0,
2183354,59,985,311,2H,504.33894999999984,Foul,Foul,,73,5,70.0,6.0,
2183394,59,985,311,2H,631.4542040000001,Foul,Foul,,89,69,85.0,74.0,
2183448,6,985,150,2H,883.8770789999999,Free Kick,Goal kick,,100,100,58.0,35.0,
2183514,6,985,150,2H,1282.314558,Goalkeeper leaving line,Goalkeeper leaving line,,100,100,31.0,7.0,
2183555,6,985,3217,2H,1404.955067,Others on the ball,Touch,,84,4,89.0,10.0,
2183605,6,985,3234,2H,1635.0160450000003,Others on the ball,Touch,,30,45,46.0,46.0,
2183632,6,985,378,2H,1732.870175,Foul,Hand foul,,91,45,100.0,100.0,
2183664,6,985,287,2H,1918.1859160000004,Foul,Foul,,47,70,46.0,71.0,
2183728,59,985,1314,2H,2180.64901,Foul,Foul,,68,21,71.0,27.0,
2183807,59,985,1739,2H,2554.919623,Free Kick,Goal kick,,0,0,57.0,83.0,
2183836,6,985,2215,2H,2706.690775,Offside,,,87,90,100.0,100.0,
2182624,6,985,378,1H,78.907644,Others on the ball,Touch,,98,21,89.0,6.0,
2182663,59,985,161,1H,386.1838330000001,Others on the ball,Touch,,75,36,36.0,100.0,
2182726,59,985,389,1H,604.662729,Foul,Foul,,42,20,46.0,3.0,
2182775,6,985,150,1H,803.231863,Goalkeeper leaving line,Goalkeeper leaving line,,100,100,29.0,8.0,
2182841,59,985,1739,1H,1115.576716,Free Kick,Goal kick,,0,0,33.0,75.0,
2182873,6,985,378,1H,1337.016435,Offside,,,73,47,100.0,100.0,
2182921,6,985,1673,1H,1510.118459,Others on the ball,Touch,,53,62,67.0,90.0,
2183033,6,985,150,1H,1940.052457,Free Kick,Goal kick,,100,100,39.0,36.0,
2183082,6,985,378,1H,2196.316339,Offside,,,67,69,100.0,100.0,
2183136,6,985,287,1H,2388.706528,Others on the ball,Touch,,55,39,53.0,35.0,
2183202,6,985,287,1H,2634.78635,Foul,Foul,,64,65,66.0,63.0,
2183291,59,985,389,2H,220.9206340000001,Others on the ball,Touch,,69,8,72.0,5.0,
2183333,6,985,282,2H,421.41850000000017,Others on the ball,Touch,,84,3,71.0,0.0,
2183378,59,985,71,2H,564.0463650000002,Others on the ball,Touch,,77,93,86.0,100.0,
2183410,6,985,1242,2H,679.906575,Foul,Foul,,96,84,96.0,81.0,
2183474,59,985,1314,2H,1068.705805,Foul,Foul,,77,67,77.0,72.0,
2183540,59,985,1739,2H,1382.845687,Free Kick,Goal kick,,0,0,62.0,37.0,
2183579,6,985,3217,2H,1502.8708070000002,Offside,,,78,18,100.0,100.0,
2183627,6,985,442,2H,1720.778765,Others on the ball,Touch,,43,52,55.0,34.0,
2183648,59,985,1739,2H,1861.369451,Goalkeeper leaving line,Goalkeeper leaving line,,0,0,0.0,100.0,
2183697,59,985,161,2H,2078.419658,Offside,,,73,77,0.0,0.0,
2183789,6,985,282,2H,2493.3534950000003,Others on the ball,Touch,,52,67,65.0,42.0,
2183827,59,985,1739,2H,2639.171067,Free Kick,Goal kick,,0,0,63.0,17.0,
2183880,59,985,1739,2H,2926.658545,Free Kick,Goal kick,,0,0,60.0,96.0,
2182653,6,985,287,1H,341.437311,Offside,,,71,34,100.0,100.0,
2182704,59,985,311,1H,532.33345,Foul,Foul,,39,47,39.0,46.0,
2182773,6,985,2162,1H,763.85666,Foul,Foul,,35,3,32.0,2.0,
2182797,59,985,1314,1H,974.650324,Others on the ball,Touch,,70,98,74.0,97.0,
2182871,6,985,359,1H,1330.426446,Others on the ball,Touch,,20,88,38.0,83.0,
2182918,59,985,1314,1H,1488.364996,Foul,Foul,,30,98,34.0,97.0,
2183029,6,985,2162,1H,1877.757863,Foul,Foul,,40,11,40.0,13.0,
2183053,6,985,378,1H,2045.950237,Foul,Foul,,62,60,65.0,64.0,
2183133,6,985,378,1H,2355.916732,Foul,Foul,,86,37,86.0,33.0,
2183198,59,985,311,1H,2604.297561,Foul,Foul,,94,38,94.0,36.0,
2183283,59,985,311,2H,198.96513999999976,Foul,Foul,,69,65,74.0,70.0,
2183328,6,985,150,2H,405.8124499999999,Free Kick,Goal kick,,100,100,21.0,78.0,
2183371,6,985,1839,2H,540.042786,Foul,Foul,,44,91,40.0,94.0,
2183398,6,985,378,2H,655.0390659999998,Others on the ball,Touch,,78,27,54.0,32.0,
2183468,6,985,378,2H,1021.0234650000002,Offside,,,90,72,100.0,100.0,
2183517,6,985,3217,2H,1301.267707,Others on the ball,Touch,,80,5,93.0,9.0,
2183565,6,985,2215,2H,1439.6270080000004,Foul,Foul,,85,58,86.0,62.0,
2183614,59,985,1739,2H,1687.3415969999996,Free Kick,Goal kick,,0,0,67.0,63.0,
2183637,59,985,1460,2H,1799.7584820000002,Foul,Foul,,41,66,45.0,67.0,
2183679,6,985,287,2H,1975.0717590000004,Others on the ball,Touch,,40,2,39.0,7.0,
2183751,6,985,1673,2H,2322.1281870000003,Others on the ball,Touch,,44,62,54.0,59.0,
2183824,6,985,3234,2H,2603.121508,Others on the ball,Touch,,55,30,70.0,36.0,
2183855,6,985,1673,2H,2778.751509,Foul,Foul,,8,84,11.0,88.0,
2182643,59,985,1739,1H,229.930133,Free Kick,Goal kick,,0,0,64.0,69.0,
2182668,6,985,2162,1H,421.778627,Others on the ball,Touch,,23,12,26.0,18.0,
2182767,59,985,161,1H,755.320568,Others on the ball,Touch,,64,93,63.0,95.0,
2182782,59,985,257,1H,834.939069,Foul,Foul,,16,19,16.0,18.0,
2182847,6,985,1242,1H,1141.478811,Foul,Foul,,13,96,11.0,92.0,
2182902,6,985,1242,1H,1414.160564,Foul,Foul,,92,91,93.0,91.0,
2182935,59,985,1739,1H,1575.226649,Free Kick,Goal kick,,0,0,59.0,33.0,
2183036,59,985,161,1H,1966.475151,Foul,Foul,,62,68,61.0,64.0,
2183089,59,985,71,1H,2218.383923,Others on the ball,Touch,,34,100,23.0,100.0,
2183158,6,985,1673,1H,2429.717193,Foul,Foul,,54,72,57.0,70.0,
2183248,6,985,287,2H,87.70825000000013,Offside,,,83,95,100.0,100.0,
2183301,59,985,1314,2H,245.703888,Foul,Foul,,60,10,62.0,13.0,
2183338,6,985,282,2H,454.70543600000013,Foul,Foul,,96,7,93.0,9.0,
2183390,6,985,282,2H,602.2052180000001,Foul,Foul,,58,5,60.0,9.0,
2183432,6,985,1242,2H,769.9187350000002,Foul,Foul,,70,96,69.0,95.0,
2183477,6,985,359,2H,1112.22644,Others on the ball,Touch,,31,80,56.0,89.0,
2183552,6,985,442,2H,1394.306248,Others on the ball,Touch,,38,86,42.0,49.0,
2183583,59,985,311,2H,1545.2687999999998,Foul,Foul,,78,75,73.0,83.0,
2183631,6,985,378,2H,1731.232073,Others on the ball,Touch,,91,49,91.0,45.0,
2183654,59,985,1739,2H,1869.096507,Goalkeeper leaving line,Goalkeeper leaving line,,0,0,10.0,85.0,
2183715,6,985,3217,2H,2124.64472,Foul,Foul,,71,12,73.0,17.0,
2183792,6,985,442,2H,2502.5265710000003,Others on the ball,Touch,,52,62,67.0,74.0,
2183831,59,985,403,2H,2644.175876,Foul,Foul,,40,15,41.0,17.0,
2183882,6,985,287,2H,2933.215104,Others on the ball,Touch,,73,41,71.0,46.0,
2182868,6,985,1839,1H,1268.087774,Foul,Foul,yellow_card,37,41,37.0,40.0,
2183683,6,985,287,2H,1981.719485,Foul,Out of game foul,yellow_card,39,1,100.0,100.0,
2183321,6,985,3234,2H,316.20722100000006,Foul,Protest,yellow_card,33,38,,,
2183832,59,985,257,2H,2647.604373,Foul,Out of game foul,yellow_card,41,14,0.0,0.0,
2183063,6,985,442,1H,2086.56237,Foul,Foul,yellow_card,43,46,44.0,45.0,
2183777,59,985,1314,2H,2441.397218,Foul,Foul,yellow_card,81,90,79.0,91.0,
2183512,6,985,2162,2H,1199.182629,Foul,Foul,yellow_card,37,3,35.0,3.0,
2183833,6,985,378,2H,2667.3320780000004,Foul,Out of game foul,yellow_card,70,70,100.0,100.0,
2182606,6,985,2162,1H,41.97293400000001,Duel,Air duel,lost,21,13,4.0,27.0,f
2182616,6,985,2162,1H,57.00699900000001,Pass,High pass,,19,14,56.0,44.0,f
2182638,6,985,359,1H,191.134964,Pass,Cross,Right,87,7,91.0,31.0,f
2182649,59,985,403,1H,266.542708,Duel,Air duel,lost,84,22,83.0,10.0,f
2182670,6,985,2162,1H,423.369459,Duel,Ground defending duel,lost,26,18,28.0,22.0,f
2182685,59,985,1314,1H,495.845849,Pass,Head pass,,12,86,28.0,77.0,f
2182703,59,985,311,1H,531.493457,Duel,Ground defending duel,lost,39,46,39.0,47.0,f
2182715,59,985,161,1H,582.419272,Duel,Air duel,lost,57,41,59.0,41.0,f
2182729,6,985,3234,1H,621.750005,Pass,High pass,,40,50,74.0,7.0,f
2182742,59,985,2065,1H,658.218318,Duel,Ground defending duel,lost,34,30,25.0,5.0,f
2182752,59,985,257,1H,687.339913,Duel,Ground defending duel,lost,5,11,3.0,14.0,f
2182771,6,985,2162,1H,761.705327,Duel,Ground defending duel,lost,32,2,35.0,3.0,f
2182781,59,985,257,1H,833.538694,Duel,Ground defending duel,lost,16,18,16.0,19.0,f
2182804,6,985,3234,1H,981.833316,Pass,High pass,,12,3,70.0,4.0,f
2182816,59,985,1314,1H,1033.977005,Pass,Simple pass,,61,73,63.0,91.0,f
2182845,6,985,1242,1H,1140.561677,Duel,Ground defending duel,lost,11,92,13.0,96.0,f
2182855,6,985,378,1H,1208.421489,Duel,Air duel,lost,64,72,44.0,81.0,f
2182866,6,985,1839,1H,1264.822778,Duel,Ground defending duel,lost,37,40,37.0,41.0,f
2182881,59,985,311,1H,1374.504175,Pass,Simple pass,,67,92,65.0,89.0,f
2182899,59,985,389,1H,1409.892827,Duel,Air duel,lost,24,10,7.0,9.0,f
2182917,59,985,1314,1H,1487.168899,Duel,Ground defending duel,lost,34,97,30.0,98.0,f
2182937,59,985,311,1H,1578.852072,Duel,Air duel,lost,59,33,61.0,38.0,f
2182949,59,985,311,1H,1644.358554,Others on the ball,Clearance,interception,6,63,26.0,51.0,f
2182967,59,985,257,1H,1694.002089,Others on the ball,Clearance,,14,11,16.0,0.0,f
2182979,59,985,1460,1H,1714.45766,Pass,Smart pass,,52,60,78.0,79.0,f
2182994,59,985,403,1H,1758.32229,Others on the ball,Clearance,,8,67,0.0,85.0,f
2183022,6,985,282,1H,1870.038119,Duel,Ground attacking duel,lost,74,15,81.0,18.0,f
2183041,59,985,2065,1H,1981.555395,Duel,Ground defending duel,lost,17,6,15.0,6.0,f
2183052,6,985,378,1H,2044.243138,Duel,Ground defending duel,lost,65,64,62.0,60.0,f
2183079,59,985,71,1H,2191.259158,Pass,Simple pass,,35,95,53.0,92.0,f
2183110,59,985,216,1H,2308.021436,Pass,High pass,,52,93,85.0,85.0,f
2183121,59,985,403,1H,2327.905233,Others on the ball,Clearance,,10,59,39.0,100.0,f
2183138,6,985,287,1H,2389.314291,Duel,Ground attacking duel,lost,53,35,68.0,32.0,f
2183152,59,985,257,1H,2421.298107,Duel,Ground defending duel,lost,16,14,3.0,20.0,f
2183169,6,985,1242,1H,2509.983806,Duel,Ground loose ball duel,lost,74,87,70.0,82.0,f
2183183,6,985,378,1H,2547.126528,Pass,Cross,blocked,99,67,100.0,100.0,f
2183204,6,985,442,1H,2669.00729,Duel,Air duel,lost,26,61,21.0,54.0,f
2183211,59,985,1739,1H,2701.519719,Free Kick,Free Kick,,31,29,0.0,0.0,f
2183227,6,985,1242,2H,45.139526999999816,Duel,Ground attacking duel,lost,77,94,83.0,96.0,f
2183245,59,985,2065,2H,81.65783800000008,Pass,High pass,,10,4,42.0,22.0,f
2183255,6,985,378,2H,124.57998799999996,Pass,Head pass,,45,53,46.0,44.0,f
2183264,59,985,71,2H,146.21791900000017,Pass,Head pass,interception,41,80,45.0,75.0,f
2183273,59,985,1460,2H,162.94875300000012,Duel,Ground defending duel,lost,27,91,24.0,79.0,f
2183282,59,985,311,2H,197.97646799999984,Duel,Ground attacking duel,lost,74,70,69.0,65.0,f
2183305,59,985,71,2H,269.155088,Pass,Head pass,interception,25,86,28.0,100.0,f
2183313,59,985,1739,2H,303.11197899999974,Pass,Launch,interception,12,54,65.0,73.0,f
2183329,6,985,359,2H,410.76882299999994,Pass,High pass,,21,78,76.0,35.0,f
2183346,59,985,389,2H,497.63039500000014,Duel,Ground loose ball duel,lost,71,7,70.0,6.0,f
2183358,6,985,1839,2H,514.7695170000002,Duel,Ground defending duel,lost,39,67,36.0,57.0,f
2183373,6,985,3234,2H,554.3247449999999,Others on the ball,Clearance,interception,14,49,21.0,41.0,f
2183389,6,985,282,2H,600.3650830000001,Duel,Ground defending duel,lost,60,9,58.0,5.0,f
2183406,6,985,1242,2H,674.921985,Duel,Ground attacking duel,lost,93,93,96.0,81.0,f
2183415,59,985,161,2H,724.509595,Duel,Ground loose ball duel,lost,61,45,54.0,56.0,f
2183435,6,985,359,2H,801.62383,Duel,Air duel,lost,37,77,30.0,76.0,f
2183446,59,985,1314,2H,857.7031120000001,Free Kick,Corner,high,100,0,99.0,74.0,f
2183462,59,985,1739,2H,923.1264139999998,Pass,Launch,fairplay,9,48,58.0,100.0,f
2183478,6,985,359,2H,1116.1757899999998,Pass,High pass,,56,89,75.0,18.0,f
2183494,6,985,378,2H,1176.6936750000004,Duel,Ground defending duel,lost,35,33,33.0,36.0,f
2183510,6,985,2162,2H,1195.828447,Duel,Ground defending duel,lost,35,3,37.0,3.0,f
2183525,6,985,282,2H,1315.0434269999996,Pass,Smart pass,through,72,38,80.0,35.0,f
2183536,6,985,1673,2H,1349.2699030000003,Shot,Shot,blocked,75,57,100.0,100.0,f
2183547,59,985,2065,2H,1389.7168140000003,Pass,Simple pass,,58,3,62.0,27.0,f
2183568,59,985,257,2H,1481.9797360000002,Duel,Ground loose ball duel,lost,65,10,71.0,6.0,f
2183578,6,985,2162,2H,1500.7478380000002,Pass,High pass,through,31,8,78.0,18.0,f
2183612,6,985,442,2H,1655.829823,Shot,Shot,otl,78,51,100.0,100.0,f
2183639,59,985,216,2H,1811.173833,Others on the ball,Clearance,interception,16,80,13.0,100.0,f
2183650,59,985,161,2H,1862.7248010000003,Duel,Ground loose ball duel,lost,12,71,21.0,86.0,f
2183663,6,985,287,2H,1915.72658,Duel,Ground defending duel,lost,46,71,47.0,70.0,f
2183673,6,985,1673,2H,1968.436861,Others on the ball,Clearance,interception,5,53,25.0,43.0,f
2183691,59,985,3235,2H,2066.7066910000003,Duel,Ground loose ball duel,lost,78,66,82.0,68.0,f
2183707,59,985,1460,2H,2115.7757760000004,Pass,High pass,,25,37,21.0,75.0,f
2183719,6,985,1673,2H,2157.6622020000004,Others on the ball,Clearance,,17,42,6.0,13.0,f
2183739,6,985,287,2H,2296.339049,Duel,Ground attacking duel,lost,87,63,86.0,62.0,f
2183759,59,985,403,2H,2352.444773,Pass,Head pass,interception,10,33,29.0,53.0,f
2183776,59,985,1314,2H,2440.5634550000004,Duel,Ground defending duel,lost,79,91,81.0,90.0,f
2183801,6,985,3217,2H,2520.6739690000004,Duel,Air duel,lost,90,43,86.0,32.0,f
2183830,59,985,403,2H,2643.235814,Duel,Ground defending duel,lost,41,17,40.0,15.0,f
2183853,6,985,1673,2H,2776.060303,Duel,Ground defending duel,lost,11,88,8.0,84.0,f
2183874,6,985,3217,2H,2868.9695170000005,Pass,Cross,high,96,5,98.0,67.0,f
2182611,59,985,1460,1H,50.274017000000015,Shot,Shot,blocked,75,82,0.0,0.0,f
2182627,59,985,71,1H,88.05574100000001,Duel,Ground defending duel,lost,9,94,5.0,99.0,f
2182641,6,985,1242,1H,200.011617,Pass,Cross,high,77,87,100.0,12.0,f
2182662,6,985,1673,1H,383.792144,Duel,Ground loose ball duel,lost,31,72,25.0,64.0,f
2182680,59,985,2065,1H,437.922597,Duel,Ground defending duel,lost,38,7,33.0,10.0,f
2182690,6,985,282,1H,506.288846,Pass,Simple pass,,80,4,80.0,9.0,f
2182709,6,985,359,1H,550.919591,Pass,Cross,blocked,82,96,100.0,100.0,f
2182720,6,985,3234,1H,596.941771,Pass,High pass,,23,47,71.0,92.0,f
2182737,6,985,287,1H,648.895743,Duel,Air duel,lost,72,65,75.0,52.0,f
2182746,59,985,1314,1H,668.915074,Pass,Launch,interception,22,35,78.0,23.0,f
2182765,6,985,150,1H,749.1993149999998,Pass,Launch,,20,60,72.0,27.0,f
2182776,6,985,150,1H,806.539665,Pass,High pass,,15,61,78.0,85.0,f
2182793,59,985,403,1H,935.243946,Pass,High pass,,27,68,68.0,100.0,f
2182808,6,985,287,1H,998.607798,Pass,Simple pass,,51,7,51.0,0.0,f
2182837,59,985,403,1H,1083.757278,Duel,Ground defending duel,lost,11,71,8.0,61.0,f
2182849,6,985,2162,1H,1185.598801,Others on the ball,Clearance,interception,5,39,28.0,48.0,f
2182862,59,985,311,1H,1247.411431,Duel,Ground loose ball duel,lost,75,24,82.0,26.0,f
2182872,6,985,359,1H,1334.090473,Pass,High pass,through,38,83,73.0,47.0,f
2182886,59,985,216,1H,1382.478281,Others on the ball,Clearance,,4,93,10.0,100.0,f
2182908,6,985,1839,1H,1454.013755,Duel,Ground loose ball duel,lost,31,54,29.0,53.0,f
2182931,59,985,257,1H,1538.450583,Duel,Ground defending duel,lost,4,28,2.0,26.0,f
2182945,6,985,2162,1H,1614.478563,Pass,Cross,blocked,97,11,100.0,100.0,f
2182953,59,985,2065,1H,1652.514275,Pass,High pass,through,60,19,54.0,19.0,f
2182973,59,985,257,1H,1705.274281,Duel,Ground defending duel,lost,19,19,32.0,30.0,f
2182986,59,985,257,1H,1739.613763,Pass,High pass,,35,14,82.0,14.0,f
2183008,6,985,378,1H,1835.975267,Pass,High pass,,33,5,58.0,35.0,f
2183028,6,985,2162,1H,1876.186502,Duel,Ground defending duel,lost,40,13,40.0,11.0,f
2183044,59,985,257,1H,2024.44778,Others on the ball,Clearance,interception,6,49,9.0,100.0,f
2183058,6,985,287,1H,2081.144545,Duel,Ground attacking duel,lost,45,46,33.0,63.0,f
2183092,6,985,3234,1H,2236.520474,Pass,High pass,through,40,19,100.0,10.0,f
2183114,59,985,1314,1H,2316.408828,Pass,Simple pass,,70,96,76.0,97.0,f
2183131,6,985,378,1H,2352.169602,Duel,Ground defending duel,lost,86,33,86.0,37.0,f
2183143,6,985,3234,1H,2397.797013,Pass,Head pass,,32,40,42.0,26.0,f
2183157,6,985,1673,1H,2428.490974,Duel,Ground defending duel,lost,57,70,54.0,72.0,f
2183176,59,985,1314,1H,2534.537144,Pass,Simple pass,,26,14,52.0,32.0,f
2183197,59,985,311,1H,2603.757476,Duel,Air duel,lost,94,36,94.0,38.0,f
2183207,59,985,1314,1H,2672.095555,Pass,Simple pass,interception,61,39,70.0,37.0,f
2183216,6,985,442,2H,10.684803999999986,Duel,Ground loose ball duel,lost,58,31,72.0,15.0,f
2183236,59,985,1314,2H,65.9702940000002,Pass,Launch,,10,8,32.0,25.0,f
2183252,6,985,1839,2H,120.5746009999998,Pass,Head pass,interception,39,73,44.0,49.0,f
2183261,59,985,311,2H,133.97047800000018,Shot,Shot,pr,92,50,0.0,0.0,f
2183268,59,985,71,2H,157.47303199999988,Pass,Launch,,35,87,38.0,95.0,f
2183276,6,985,287,2H,166.69392500000004,Pass,Simple pass,,82,21,73.0,73.0,f
2183300,59,985,1314,2H,245.037652,Duel,Ground attacking duel,lost,62,13,60.0,10.0,f
2183311,59,985,161,2H,285.319833,Duel,Ground attacking duel,lost,35,89,42.0,94.0,f
2183318,6,985,3234,2H,310.9547379999999,Duel,Ground loose ball duel,lost,34,33,37.0,35.0,f
2183336,6,985,282,2H,451.663125,Duel,Ground defending duel,lost,93,9,96.0,7.0,f
2183353,59,985,311,2H,503.46255900000006,Duel,Ground loose ball duel,lost,70,6,73.0,5.0,f
2183370,6,985,1839,2H,538.9214229999998,Duel,Ground defending duel,lost,40,94,44.0,91.0,f
2183383,59,985,216,2H,584.9064669999998,Others on the ball,Clearance,,32,90,36.0,100.0,f
2183397,59,985,71,2H,653.4300269999999,Duel,Air duel,lost,24,91,22.0,73.0,f
2183411,59,985,1739,2H,714.1691230000001,Free Kick,Free Kick,,4,24,55.0,37.0,f
2183427,59,985,257,2H,754.1539600000001,Pass,Simple pass,,26,7,23.0,0.0,f
2183442,59,985,1314,2H,813.9565619999998,Pass,Head pass,,69,4,80.0,5.0,f
2183453,6,985,287,2H,890.9074009999998,Duel,Air duel,lost,57,32,34.0,53.0,f
2183470,6,985,282,2H,1065.29536,Duel,Air duel,lost,31,17,23.0,28.0,f
2183485,6,985,1673,2H,1152.4366550000004,Pass,High pass,,39,64,74.0,93.0,f
2183504,59,985,1314,2H,1185.6809000000003,Duel,Ground loose ball duel,lost,67,69,64.0,69.0,f
2183519,6,985,3217,2H,1306.3550189999996,Duel,Ground attacking duel,lost,93,9,91.0,9.0,f
2183528,59,985,71,2H,1322.6231879999996,Duel,Ground defending duel,lost,12,84,8.0,89.0,f
2183542,59,985,311,2H,1385.3713930000004,Duel,Air duel,lost,62,37,52.0,28.0,f
2183558,6,985,3217,2H,1410.5862230000002,Pass,Cross,blocked,99,8,100.0,100.0,f
2183571,6,985,2215,2H,1487.2891879999995,Duel,Ground defending duel,lost,37,85,27.0,91.0,f
2183590,6,985,3217,2H,1581.1099169999998,Pass,Cross,high,86,11,88.0,64.0,f
2183636,59,985,1460,2H,1798.59804,Duel,Ground defending duel,lost,45,67,41.0,66.0,f
2183644,6,985,3217,2H,1835.9768240000003,Pass,Cross,blocked,99,7,100.0,100.0,f
2183659,6,985,378,2H,1908.5750930000004,Duel,Air duel,lost,57,69,33.0,67.0,f
2183668,6,985,3217,2H,1966.049383,Duel,Ground attacking duel,lost,10,20,6.0,31.0,f
2183685,59,985,304,2H,2057.101093,Pass,High pass,,37,57,85.0,78.0,f
2183696,59,985,71,2H,2074.103776,Pass,Launch,,41,94,73.0,77.0,f
2183714,6,985,3217,2H,2122.842844,Duel,Ground defending duel,lost,73,17,71.0,12.0,f
2183731,6,985,359,2H,2209.5222030000004,Duel,Air duel,lost,78,93,77.0,100.0,f
2183746,6,985,359,2H,2314.323032,Duel,Air duel,lost,68,73,65.0,79.0,f
2183767,6,985,1673,2H,2368.684872,Duel,Ground loose ball duel,lost,25,9,22.0,9.0,f
2183786,59,985,403,2H,2483.4576290000005,Pass,Simple pass,,12,13,31.0,0.0,f
2183810,6,985,282,2H,2557.937741,Duel,Air duel,lost,38,18,27.0,6.0,f
2183846,6,985,2215,2H,2754.3701330000004,Pass,Simple pass,,18,95,12.0,96.0,f
2183862,6,985,2162,2H,2840.955549,Pass,High pass,,28,9,71.0,53.0,f
2183878,6,985,2162,2H,2894.424452,Free Kick,Corner,high,100,100,100.0,35.0,f
2182610,6,985,3234,1H,47.556502000000016,Pass,Simple pass,,2,31,25.0,18.0,f
2182617,59,985,403,1H,59.715567000000014,Pass,Head pass,,44,56,65.0,34.0,f
2182639,59,985,311,1H,192.892295,Others on the ball,Clearance,interception,9,69,38.0,54.0,f
2182652,6,985,150,1H,271.333299,Save attempt,Reflexes,gl,100,100,9.0,46.0,f
2182676,59,985,403,1H,429.204579,Pass,Launch,,45,67,79.0,40.0,f
2182689,59,985,1314,1H,505.819422,Duel,Ground defending duel,lost,22,95,20.0,96.0,f
2182708,59,985,389,1H,549.543189,Duel,Ground defending duel,lost,12,6,18.0,4.0,f
2182717,59,985,311,1H,584.891405,Pass,Simple pass,,60,31,77.0,59.0,f
2182730,59,985,71,1H,624.161437,Others on the ball,Clearance,interception,26,93,19.0,100.0,f
2182745,6,985,287,1H,667.280849,Pass,Smart pass,,76,96,78.0,65.0,f
2182758,6,985,282,1H,727.1525,Duel,Air duel,lost,90,69,76.0,63.0,f
2182774,59,985,1460,1H,801.687997,Free Kick,Free kick cross,high,71,92,0.0,0.0,f
2182783,6,985,2162,1H,888.7159079999999,Free Kick,Free kick shot,blocked,83,78,100.0,100.0,f
2182805,59,985,216,1H,984.8796860000001,Others on the ball,Clearance,,30,96,42.0,100.0,f
2182835,59,985,403,1H,1078.529761,Pass,High pass,,30,62,38.0,68.0,f
2182848,59,985,1314,1H,1184.388638,Free Kick,Free kick cross,high,90,7,95.0,61.0,f
2182858,6,985,442,1H,1212.967139,Pass,Simple pass,,43,72,67.0,78.0,f
2182869,59,985,1314,1H,1319.891631,Free Kick,Free Kick,,55,47,88.0,59.0,f
2182883,6,985,287,1H,1376.62074,Pass,Smart pass,through,49,7,85.0,21.0,f
2182900,6,985,1242,1H,1412.501786,Duel,Ground defending duel,lost,93,91,92.0,91.0,f
2182928,59,985,2065,1H,1535.955657,Duel,Ground defending duel,lost,6,9,2.0,6.0,f
2182943,59,985,71,1H,1610.906974,Duel,Ground defending duel,lost,5,90,3.0,89.0,f
2182950,6,985,1242,1H,1645.269905,Shot,Shot,blocked,74,49,100.0,100.0,f
2182972,59,985,1314,1H,1704.954039,Duel,Ground defending duel,lost,22,21,19.0,19.0,f
2182980,6,985,2162,1H,1715.319004,Others on the ball,Clearance,interception,22,21,49.0,0.0,f
2182999,6,985,282,1H,1793.272173,Pass,Cross,high,83,17,92.0,41.0,f
2183024,6,985,282,1H,1871.075802,Duel,Ground defending duel,lost,81,18,75.0,9.0,f
2183043,6,985,359,1H,2022.871023,Free Kick,Free kick cross,high,81,97,94.0,51.0,f
2183056,59,985,161,1H,2076.913165,Duel,Ground attacking duel,lost,79,88,85.0,86.0,f
2183081,6,985,1839,1H,2194.15617,Pass,High pass,,46,22,67.0,69.0,f
2183111,6,985,3234,1H,2310.398063,Others on the ball,Clearance,,15,15,24.0,0.0,f
2183129,6,985,378,1H,2350.396112,Duel,Ground attacking duel,lost,87,35,86.0,33.0,f
2183142,59,985,311,1H,2397.27179,Duel,Ground loose ball duel,lost,68,63,68.0,60.0,f
2183153,6,985,1242,1H,2423.012865,Duel,Ground attacking duel,lost,97,80,88.0,73.0,f
2183173,59,985,2065,1H,2513.307174,Duel,Air duel,lost,36,9,25.0,0.0,f
2183190,59,985,2065,1H,2588.874038,Pass,Simple pass,,23,6,55.0,7.0,f
2183206,6,985,3234,1H,2670.966233,Pass,Simple pass,counter_attack,21,54,39.0,61.0,f
2183213,6,985,3234,2H,5.427067999999962,Pass,High pass,,35,53,75.0,58.0,f
2183232,59,985,257,2H,50.18474900000001,Pass,Simple pass,,10,16,7.0,17.0,f
2183247,6,985,1673,2H,85.25371399999993,Pass,High pass,,65,98,83.0,95.0,f
2183258,6,985,1673,2H,129.4156899999998,Duel,Ground defending duel,lost,21,9,9.0,10.0,f
2183266,6,985,2162,2H,153.98573799999986,Pass,High pass,,51,7,74.0,19.0,f
2183275,59,985,71,2H,165.31602599999997,Duel,Ground defending duel,lost,24,79,18.0,79.0,f
2183288,6,985,359,2H,216.8211430000001,Duel,Ground attacking duel,lost,49,97,61.0,91.0,f
2183308,6,985,287,2H,282.87604199999987,Pass,Simple pass,,74,14,76.0,6.0,f
2183316,6,985,287,2H,308.7068640000002,Duel,Ground loose ball duel,lost,56,28,61.0,33.0,f
2183331,59,985,1460,2H,416.4909189999999,Pass,Simple pass,,28,84,32.0,89.0,f
2183347,6,985,359,2H,498.05108999999993,Pass,Head pass,,30,94,30.0,94.0,f
2183361,59,985,161,2H,517.891979,Shot,Shot,blocked,73,54,0.0,0.0,f
2183382,6,985,2162,2H,581.9330100000002,Pass,High pass,,30,2,68.0,10.0,f
2183392,59,985,311,2H,629.642085,Duel,Ground loose ball duel,lost,85,74,89.0,69.0,f
2183408,6,985,1242,2H,679.0373949999998,Duel,Ground defending duel,lost,96,81,96.0,84.0,f
2183419,6,985,2162,2H,731.3423010000001,Pass,Simple pass,,61,7,68.0,7.0,f
2183437,59,985,389,2H,803.7410279999998,Pass,Smart pass,through,70,24,83.0,39.0,f
2183450,6,985,442,2H,887.2995989999998,Duel,Air duel,lost,36,37,39.0,45.0,f
2183467,6,985,359,2H,1019.5737439999998,Pass,High pass,through,55,90,90.0,72.0,f
2183479,59,985,71,2H,1119.774325,Pass,Head pass,interception,25,82,22.0,100.0,f
2183497,6,985,359,2H,1179.6173909999998,Duel,Ground loose ball duel,lost,20,63,27.0,75.0,f
2183513,59,985,1460,2H,1278.3258809999998,Free Kick,Free kick cross,high,69,93,0.0,0.0,f
2183526,59,985,216,2H,1316.4160490000004,Pass,Head pass,interception,20,65,25.0,62.0,f
2183538,6,985,378,2H,1352.7810630000004,Shot,Shot,otr,91,62,100.0,100.0,f
2183556,59,985,71,2H,1407.0110809999996,Duel,Ground defending duel,lost,11,90,1.0,92.0,f
2183569,6,985,359,2H,1483.2769429999998,Pass,High pass,,29,94,39.0,76.0,f
2183582,59,985,311,2H,1543.826959,Duel,Air duel,lost,73,83,78.0,75.0,f
2183633,59,985,1739,2H,1791.9846559999996,Free Kick,Free Kick,,4,65,64.0,64.0,f
2183643,59,985,71,2H,1835.4570080000003,Duel,Ground defending duel,lost,6,90,1.0,93.0,f
2183652,6,985,3217,2H,1866.404644,Pass,Cross,high,90,15,100.0,100.0,f
2183666,59,985,403,2H,1964.32996,Duel,Air duel,lost,94,76,90.0,80.0,f
2183675,59,985,2065,2H,1971.195473,Shot,Shot,blocked,72,32,0.0,0.0,f
2183694,6,985,287,2H,2072.1506870000003,Duel,Ground loose ball duel,lost,65,30,63.0,37.0,f
2183711,6,985,287,2H,2119.625755,Duel,Ground loose ball duel,lost,80,36,73.0,17.0,f
2183727,59,985,1314,2H,2179.808848,Duel,Ground loose ball duel,lost,71,27,68.0,21.0,f
2183740,59,985,403,2H,2297.1302800000003,Others on the ball,Clearance,,14,38,55.0,87.0,f
2183763,6,985,287,2H,2359.2342740000004,Duel,Ground attacking duel,lost,88,44,76.0,30.0,f
2183784,6,985,359,2H,2482.107469,Duel,Ground attacking duel,lost,86,80,88.0,87.0,f
2183808,6,985,3234,2H,2557.861556,Duel,Air duel,lost,43,17,38.0,18.0,f
2183835,6,985,442,2H,2704.681791,Pass,Simple pass,,71,70,87.0,90.0,f
2183859,59,985,575,2H,2828.562897,Pass,Cross,Left,94,7,89.0,26.0,f
2183876,59,985,403,2H,2871.275977,Others on the ball,Clearance,interception,2,33,0.0,28.0,f
2182597,6,985,1242,1H,22.01483300000001,Duel,Ground loose ball duel,lost,56,89,61.0,76.0,f
2182615,6,985,282,1H,54.918966000000005,Duel,Air duel,lost,29,21,19.0,14.0,f
2182628,6,985,2162,1H,89.05312600000002,Pass,Cross,blocked,95,1,100.0,100.0,f
2182644,6,985,3234,1H,233.381567,Duel,Ground defending duel,lost,36,31,37.0,36.0,f
2182666,6,985,3234,1H,420.898856,Duel,Air duel,lost,33,13,23.0,12.0,f
2182683,6,985,378,1H,493.99439500000005,Duel,Air duel,lost,88,35,88.0,14.0,f
2182692,59,985,311,1H,509.798554,Pass,Simple pass,,27,88,31.0,96.0,f
2182710,59,985,1460,1H,551.981258,Pass,Head pass,interception,22,19,9.0,0.0,f
2182723,59,985,389,1H,603.489004,Duel,Ground loose ball duel,lost,42,11,46.0,3.0,f
2182739,59,985,403,1H,652.356041,Pass,Launch,,25,48,54.0,36.0,f
2182750,59,985,2065,1H,686.286273,Duel,Ground defending duel,lost,9,14,5.0,11.0,f
2182768,6,985,2162,1H,756.135349,Duel,Ground attacking duel,lost,37,5,41.0,12.0,f
2182777,59,985,71,1H,810.410987,Others on the ball,Clearance,,22,15,18.0,0.0,f
2182795,6,985,2162,1H,942.257375,Free Kick,Throw in,,32,0,48.0,58.0,f
2182814,6,985,282,1H,1030.918012,Duel,Air duel,lost,37,8,39.0,27.0,f
2182839,6,985,287,1H,1084.859272,Shot,Shot,or,92,39,100.0,100.0,f
2182850,59,985,389,1H,1188.058798,Shot,Shot,obr,72,52,0.0,0.0,f
2182863,6,985,3234,1H,1249.072346,Others on the ball,Clearance,,18,74,17.0,100.0,f
2182878,6,985,2162,1H,1373.634282,Duel,Ground defending duel,lost,34,4,33.0,4.0,f
2182894,6,985,359,1H,1404.656582,Pass,High pass,,73,98,79.0,76.0,f
2182911,59,985,311,1H,1456.580383,Shot,Shot,olb,74,53,0.0,0.0,f
2182933,6,985,2162,1H,1543.601577,Pass,Cross,high,87,6,100.0,70.0,f
2182948,6,985,2162,1H,1643.110631,Free Kick,Corner,high,100,0,94.0,37.0,f
2182966,59,985,2065,1H,1691.901658,Duel,Air duel,lost,33,13,14.0,11.0,f
2182975,6,985,1839,1H,1706.911595,Pass,Simple pass,,68,70,69.0,74.0,f
2182993,6,985,287,1H,1757.807252,Duel,Ground loose ball duel,lost,93,37,92.0,33.0,f
2183016,59,985,1314,1H,1849.660335,Pass,Smart pass,through,62,44,86.0,50.0,f
2183034,59,985,161,1H,1965.29699,Duel,Ground defending duel,lost,61,64,62.0,68.0,f
2183050,6,985,3234,1H,2039.496194,Pass,High pass,,68,38,65.0,64.0,f
2183061,6,985,442,1H,2084.494817,Duel,Ground defending duel,lost,44,45,43.0,46.0,f
2183097,59,985,1314,1H,2267.493196,Duel,Air duel,lost,49,72,43.0,71.0,f
2183119,6,985,287,1H,2326.460437,Duel,Ground attacking duel,lost,93,24,90.0,41.0,f
2183134,59,985,1739,1H,2381.798188,Free Kick,Free Kick,,13,70,68.0,79.0,f
2183144,59,985,1314,1H,2399.306438,Pass,Simple pass,interception,58,74,68.0,57.0,f
2183162,59,985,311,1H,2480.091543,Duel,Air duel,lost,66,16,61.0,20.0,f
2183182,59,985,257,1H,2546.521311,Duel,Ground defending duel,lost,3,34,1.0,33.0,f
2183200,6,985,287,1H,2632.917639,Duel,Ground loose ball duel,lost,66,63,64.0,65.0,f
2183209,6,985,287,1H,2675.036082,Pass,Smart pass,through,48,70,71.0,59.0,f
2183219,59,985,71,2H,12.931164999999964,Pass,Launch,,28,85,86.0,57.0,f
2183241,6,985,378,2H,72.34635600000001,Duel,Ground loose ball duel,lost,93,61,93.0,65.0,f
2183253,59,985,1460,2H,122.34656499999984,Pass,Simple pass,,56,51,57.0,52.0,f
2183263,6,985,150,2H,144.98230700000022,Pass,Launch,,11,46,59.0,20.0,f
2183269,59,985,71,2H,159.4153339999998,Duel,Ground defending duel,lost,38,95,35.0,98.0,f
2183277,6,985,359,2H,169.34867500000018,Duel,Ground defending duel,lost,73,73,74.0,72.0,f
2183304,6,985,2162,2H,267.60237099999995,Pass,High pass,,52,6,75.0,14.0,f
2183312,6,985,3234,2H,286.6958380000001,Pass,High pass,,58,6,88.0,46.0,f
2183323,6,985,1839,2H,397.8263529999999,Duel,Ground defending duel,lost,8,37,8.0,33.0,f
2183340,6,985,1242,2H,486.4172269999999,Duel,Air duel,lost,46,53,37.0,63.0,f
2183356,6,985,1839,2H,513.5939349999999,Duel,Ground attacking duel,lost,38,76,39.0,67.0,f
2183372,59,985,257,2H,548.9216700000002,Free Kick,Free Kick,,56,8,86.0,51.0,f
2183386,6,985,282,2H,598.1487739999998,Duel,Ground attacking duel,lost,64,16,60.0,9.0,f
2183401,59,985,2065,2H,661.318143,Duel,Ground loose ball duel,lost,32,18,46.0,10.0,f
2183412,6,985,442,2H,717.5865389999999,Pass,Head pass,,45,63,68.0,55.0,f
2183430,6,985,1242,2H,767.24332,Duel,Ground defending duel,lost,69,95,70.0,96.0,f
2183444,6,985,1673,2H,818.748168,Pass,Simple pass,,3,81,0.0,83.0,f
2183461,6,985,2162,2H,910.553976,Pass,Cross,Left,93,2,91.0,52.0,f
2183472,59,985,1314,2H,1067.1669900000002,Duel,Air duel,lost,77,72,77.0,67.0,f
2183491,59,985,161,2H,1167.2539150000002,Duel,Air duel,lost,71,50,72.0,80.0,f
2183505,6,985,282,2H,1186.3328170000004,Pass,Head pass,,36,31,43.0,36.0,f
2183522,59,985,71,2H,1307.8976650000004,Pass,High pass,,15,94,28.0,96.0,f
2183530,6,985,3217,2H,1323.630427,Pass,Cross,blocked,92,11,100.0,100.0,f
2183543,6,985,2215,2H,1386.400084,Duel,Ground loose ball duel,lost,48,72,45.0,71.0,f
2183563,6,985,2215,2H,1437.36207,Duel,Air duel,lost,86,62,85.0,58.0,f
2183575,59,985,311,2H,1491.4376430000002,Duel,Ground attacking duel,lost,74,6,74.0,20.0,f
2183601,59,985,1739,2H,1625.4832699999995,Pass,Launch,,15,36,71.0,6.0,f
2183638,6,985,2162,2H,1809.00234,Free Kick,Free Kick,,54,25,84.0,20.0,f
2183647,6,985,359,2H,1858.7981470000004,Free Kick,Corner,high,100,0,100.0,100.0,f
2183661,6,985,282,2H,1914.652451,Pass,Simple pass,,33,67,46.0,71.0,f
2183672,59,985,1460,2H,1967.253732,Pass,Cross,high,95,70,95.0,47.0,f
2183688,59,985,1314,2H,2062.397221,Duel,Air duel,lost,78,74,67.0,84.0,f
2183705,6,985,378,2H,2114.11275,Duel,Ground defending duel,lost,78,68,75.0,63.0,f
2183718,59,985,3235,2H,2156.956998,Duel,Ground loose ball duel,lost,82,47,83.0,58.0,f
2183736,59,985,3235,2H,2295.284426,Duel,Ground defending duel,lost,21,23,19.0,31.0,f
2183758,6,985,359,2H,2351.0267620000004,Pass,Cross,high,80,97,90.0,67.0,f
2183773,59,985,575,2H,2435.916242,Duel,Ground attacking duel,lost,94,92,92.0,98.0,f
2183799,6,985,2162,2H,2517.496759,Shot,Shot,opportunity,79,39,100.0,100.0,f
2183825,6,985,3234,2H,2608.348304,Pass,High pass,through,70,36,100.0,75.0,f
2183852,6,985,359,2H,2763.0449310000004,Free Kick,Throw in,,15,100,11.0,88.0,f
2183865,59,985,2065,2H,2846.434631,Duel,Ground attacking duel,lost,28,20,30.0,14.0,f
2183883,59,985,304,2H,2934.403028,Pass,Launch,,29,54,0.0,0.0,f
2182836,6,985,287,1H,1079.04907,Others on the ball,Touch,interception,62,32,89.0,29.0,
2182976,59,985,311,1H,1707.176321,Others on the ball,Touch,interception,31,26,30.0,17.0,
2183332,6,985,282,2H,417.16402699999986,Others on the ball,Touch,interception,68,11,84.0,3.0,
2183559,59,985,71,2H,1411.7808960000002,Others on the ball,Touch,interception,3,87,0.0,72.0,
2183800,59,985,216,2H,2518.96774,Others on the ball,Touch,interception,11,52,10.0,57.0,
2182629,59,985,71,1H,90.19563900000003,Others on the ball,Touch,interception,7,95,13.0,100.0,
2182951,59,985,389,1H,1646.644381,Others on the ball,Touch,interception,25,62,13.0,33.0,
2183184,59,985,1739,1H,2548.801902,Others on the ball,Touch,interception,4,55,68.0,4.0,
2183531,59,985,71,2H,1323.7793810000005,Others on the ball,Touch,interception,12,84,8.0,100.0,
2183653,59,985,216,2H,1867.805926,Others on the ball,Touch,interception,9,71,0.0,0.0,
2182612,6,985,1839,1H,50.991450999999984,Others on the ball,Touch,interception,20,30,20.0,36.0,
2182946,59,985,71,1H,1616.575264,Others on the ball,Touch,interception,6,91,0.0,86.0,
2183115,6,985,282,1H,2317.126826,Others on the ball,Touch,interception,24,3,40.0,9.0,
2183362,6,985,3234,2H,519.798534,Others on the ball,Touch,interception,15,41,32.0,25.0,
2183645,59,985,71,2H,1836.826321,Others on the ball,Touch,interception,9,84,0.0,100.0,
2183803,6,985,2162,2H,2522.42506,Others on the ball,Touch,interception,86,32,97.0,27.0,
2182784,59,985,2065,1H,890.5587399999998,Others on the ball,Touch,interception,9,31,23.0,15.0,
2182954,6,985,359,1H,1653.454243,Others on the ball,Touch,interception,46,81,51.0,100.0,
2183233,6,985,287,2H,50.80721700000004,Others on the ball,Touch,interception,93,83,91.0,100.0,
2183537,59,985,304,2H,1352.009215,Others on the ball,Touch,interception,16,43,9.0,38.0,
2183676,6,985,282,2H,1971.772104,Others on the ball,Touch,interception,19,60,13.0,25.0,
2182593,59,985,403,1H,11.951887999999997,Pass,Simple pass,,28,60,31.0,85.0,t
2182599,59,985,389,1H,22.512077000000005,Pass,Simple pass,,39,24,43.0,51.0,t
2182603,59,985,71,1H,29.712762999999995,Pass,Simple pass,,54,91,30.0,55.0,t
2182608,6,985,3234,1H,45.66246000000001,Duel,Ground attacking duel,neutral,4,27,2.0,31.0,t
2182618,6,985,1242,1H,61.31563699999998,Pass,Head pass,interception,35,66,54.0,61.0,t
2182622,6,985,2162,1H,71.78846399999998,Pass,Simple pass,,60,6,67.0,4.0,t
2182631,6,985,2162,1H,154.912871,Free Kick,Throw in,,90,0,99.0,4.0,t
2182636,6,985,359,1H,186.993105,Free Kick,Corner,,100,0,96.0,26.0,t
2182647,59,985,1314,1H,264.495195,Free Kick,Free Kick,,64,77,84.0,22.0,t
2182654,59,985,1739,1H,368.498524,Free Kick,Free Kick,,28,76,66.0,13.0,t
2182658,59,985,2065,1H,376.75374,Pass,Simple pass,,58,22,29.0,40.0,t
2182665,59,985,71,1H,419.28974000000005,Free Kick,Throw in,,38,100,67.0,87.0,t
2182673,6,985,1839,1H,425.625183,Pass,Simple pass,,30,20,40.0,26.0,t
2182679,6,985,1242,1H,436.540888,Duel,Ground attacking duel,won,62,93,67.0,90.0,t
2182687,6,985,2162,1H,503.116003,Pass,Simple pass,,85,2,78.0,5.0,t
2182695,6,985,2162,1H,513.13277,Duel,Ground attacking duel,neutral,70,2,66.0,0.0,t
2182700,6,985,1673,1H,528.331525,Pass,Simple pass,,45,66,68.0,48.0,t
2182706,6,985,1242,1H,546.723708,Pass,Simple pass,,75,72,88.0,94.0,t
2182714,6,985,3234,1H,582.311839,Duel,Air duel,won,43,59,41.0,59.0,t
2182721,59,985,2065,1H,600.062423,Pass,Head pass,interception,29,8,42.0,11.0,t
2182728,6,985,1673,1H,617.796108,Pass,Simple pass,,45,87,40.0,50.0,t
2182735,6,985,150,1H,642.439276,Pass,Simple pass,,19,54,27.0,28.0,t
2182741,6,985,1242,1H,657.955002,Duel,Ground attacking duel,won,66,70,75.0,95.0,t
2182748,6,985,1673,1H,679.060141,Pass,High pass,through,41,83,91.0,86.0,t
2182756,6,985,2162,1H,723.631718,Free Kick,Corner,high,100,100,90.0,69.0,t
2182762,6,985,359,1H,731.9353049999999,Pass,Simple pass,,53,50,21.0,53.0,t
2182769,59,985,161,1H,756.710592,Duel,Ground defending duel,won,63,95,59.0,88.0,t
2182785,6,985,359,1H,891.7813579999998,Pass,Simple pass,,77,85,55.0,73.0,t
2182791,59,985,257,1H,928.019145,Pass,Simple pass,,19,12,28.0,33.0,t
2182800,59,985,1314,1H,976.630755,Duel,Ground defending duel,neutral,75,95,75.0,100.0,t
2182811,59,985,216,1H,1018.669345,Pass,Simple pass,,30,88,26.0,52.0,t
2182817,6,985,2162,1H,1037.206217,Pass,Simple pass,interception,37,9,58.0,17.0,t
2182822,59,985,2065,1H,1047.659438,Pass,Simple pass,,66,10,66.0,21.0,t
2182826,59,985,1460,1H,1052.746201,Pass,Simple pass,,60,37,62.0,19.0,t
2182830,59,985,71,1H,1063.278686,Pass,Simple pass,,76,95,60.0,91.0,t
2182834,59,985,1460,1H,1075.178648,Pass,Simple pass,,45,33,30.0,62.0,t
2182844,59,985,216,1H,1131.863493,Pass,High pass,,49,89,89.0,8.0,t
2182854,6,985,150,1H,1204.759445,Pass,Launch,,8,49,64.0,72.0,t
2182861,6,985,359,1H,1247.279442,Duel,Ground loose ball duel,won,25,76,18.0,74.0,t
2182876,59,985,71,1H,1372.025163,Free Kick,Throw in,,66,100,66.0,96.0,t
2182884,6,985,378,1H,1380.45318,Duel,Ground defending duel,neutral,85,21,96.0,7.0,t
2182890,6,985,282,1H,1394.477779,Pass,Simple pass,,81,4,72.0,6.0,t
2182895,59,985,257,1H,1406.346569,Pass,Head pass,,21,24,29.0,21.0,t
2182901,59,985,257,1H,1412.607813,Duel,Ground attacking duel,won,7,9,8.0,9.0,t
2182907,59,985,311,1H,1453.027592,Duel,Ground loose ball duel,won,69,46,71.0,47.0,t
2182916,6,985,282,1H,1486.514577,Duel,Ground attacking duel,won,66,3,70.0,2.0,t
2182923,6,985,359,1H,1515.430697,Duel,Ground attacking duel,neutral,72,94,85.0,100.0,t
2182929,6,985,287,1H,1536.382468,Pass,Simple pass,,98,94,96.0,72.0,t
2182939,6,985,1673,1H,1599.163739,Free Kick,Free Kick,,45,68,42.0,41.0,t
2182944,6,985,2162,1H,1613.403287,Duel,Ground attacking duel,won,95,10,97.0,11.0,t
2182958,59,985,403,1H,1669.660915,Pass,Simple pass,,29,53,28.0,76.0,t
2182962,59,985,403,1H,1682.04725,Pass,Simple pass,,26,59,27.0,89.0,t
2182969,6,985,359,1H,1703.366089,Free Kick,Throw in,,81,100,83.0,85.0,t
2182977,59,985,1314,1H,1708.196765,Pass,Simple pass,,30,17,32.0,35.0,t
2182984,59,985,257,1H,1733.041997,Pass,Simple pass,,30,26,32.0,49.0,t
2182989,6,985,287,1H,1749.189443,Pass,Simple pass,,63,71,63.0,50.0,t
2182996,6,985,2162,1H,1790.562871,Free Kick,Corner,,100,0,84.0,14.0,t
2183002,59,985,1460,1H,1800.879282,Pass,High pass,,4,91,68.0,98.0,t
2183009,59,985,257,1H,1837.991835,Pass,Simple pass,,42,65,55.0,49.0,t
2183013,59,985,257,1H,1843.782045,Pass,Simple pass,,40,49,55.0,30.0,t
2183018,59,985,403,1H,1866.227901,Duel,Ground defending duel,neutral,35,64,37.0,64.0,t
2183023,59,985,71,1H,1870.772577,Duel,Ground defending duel,won,26,85,19.0,82.0,t
2183035,6,985,3234,1H,1965.29699,Duel,Ground attacking duel,won,39,36,38.0,32.0,t
2183040,6,985,1242,1H,1980.383685,Duel,Ground attacking duel,won,83,94,85.0,94.0,t
2183049,6,985,442,1H,2036.614976,Pass,Simple pass,,73,9,68.0,38.0,t
2183059,59,985,403,1H,2081.473568,Duel,Ground defending duel,won,55,54,67.0,37.0,t
2183065,59,985,1314,1H,2150.752997,Pass,Cross,high,68,93,86.0,41.0,t
2183072,59,985,2065,1H,2177.995461,Free Kick,Throw in,,36,0,28.0,13.0,t
2183076,59,985,216,1H,2188.32942,Pass,Simple pass,,25,80,42.0,96.0,t
2183083,59,985,1460,1H,2204.131429,Free Kick,Free Kick,,28,35,38.0,37.0,t
2183087,59,985,257,1H,2211.010746,Pass,Simple pass,,21,13,6.0,42.0,t
2183096,6,985,287,1H,2267.317145,Duel,Air duel,won,51,28,57.0,29.0,t
2183102,59,985,71,1H,2284.499966,Free Kick,Throw in,,68,100,63.0,91.0,t
2183106,59,985,257,1H,2298.258634,Pass,Simple pass,,55,23,59.0,33.0,t
2183113,59,985,71,1H,2315.502013,Free Kick,Throw in,,78,100,70.0,96.0,t
2183120,59,985,216,1H,2327.145653,Duel,Ground defending duel,won,7,76,10.0,59.0,t
2183126,6,985,359,1H,2342.733911,Pass,Head pass,,69,98,69.0,86.0,t
2183132,59,985,216,1H,2352.563684,Duel,Ground attacking duel,won,14,67,14.0,63.0,t
2183140,59,985,1739,1H,2393.871991,Pass,Launch,,14,53,68.0,63.0,t
2183147,6,985,2162,1H,2408.639105,Pass,Simple pass,,35,8,21.0,21.0,t
2183151,6,985,1242,1H,2420.865628,Duel,Ground attacking duel,won,84,86,97.0,80.0,t
2183160,59,985,1739,1H,2476.408018,Pass,Launch,,9,32,66.0,16.0,t
2183166,6,985,2162,1H,2499.633027,Pass,Simple pass,,33,2,38.0,3.0,t
2183171,59,985,2065,1H,2511.331477,Pass,Head pass,,30,18,36.0,9.0,t
2183178,6,985,282,1H,2542.13964,Duel,Ground attacking duel,won,58,27,67.0,28.0,t
2183186,59,985,2065,1H,2573.426521,Pass,Simple pass,,56,14,28.0,19.0,t
2183191,6,985,1673,1H,2591.501,Pass,Simple pass,interception,45,93,52.0,78.0,t
2183196,6,985,1673,1H,2603.44127,Duel,Air duel,won,6,64,6.0,62.0,t
2183205,59,985,311,1H,2669.077237,Duel,Air duel,won,74,39,79.0,46.0,t
2183215,6,985,282,2H,10.098758000000087,Duel,Air duel,neutral,60,32,58.0,31.0,t
2183221,6,985,1673,2H,24.69037600000001,Pass,Simple pass,,35,71,36.0,32.0,t
2183225,6,985,1839,2H,37.624435000000176,Pass,Simple pass,,56,53,53.0,98.0,t
2183230,59,985,2065,2H,46.54527000000007,Duel,Ground attacking duel,neutral,17,4,13.0,3.0,t
2183238,6,985,287,2H,69.65925100000004,Pass,Smart pass,through,82,81,91.0,65.0,t
2183244,59,985,2065,2H,75.852394,Duel,Ground attacking duel,neutral,18,15,10.0,4.0,t
2183254,6,985,282,2H,122.80863799999996,Pass,Head pass,interception,43,48,45.0,53.0,t
2183260,59,985,161,2H,132.086902,Pass,Cross,Right,91,90,92.0,50.0,t
2183270,6,985,282,2H,160.35136599999987,Duel,Ground attacking duel,won,62,5,65.0,2.0,t
2183278,59,985,389,2H,169.5918160000001,Duel,Ground attacking duel,won,27,27,26.0,28.0,t
2183285,6,985,1673,2H,211.49434800000017,Pass,Simple pass,,28,62,39.0,98.0,t
2183292,59,985,389,2H,224.66037000000009,Pass,Simple pass,,72,5,73.0,4.0,t
2183296,59,985,257,2H,233.22958299999985,Pass,Simple pass,,49,23,33.0,45.0,t
2183302,6,985,1673,2H,262.1376529999998,Free Kick,Free Kick,,38,89,39.0,45.0,t
2183310,6,985,442,2H,284.9039539999999,Duel,Ground defending duel,won,65,11,58.0,6.0,t
2183319,59,985,311,2H,311.0920900000001,Duel,Ground loose ball duel,won,66,67,63.0,65.0,t
2183326,59,985,161,2H,398.90465099999983,Duel,Ground attacking duel,neutral,92,67,0.0,0.0,t
2183339,59,985,1739,2H,483.16005499999983,Free Kick,Free Kick,,9,87,54.0,47.0,t
2183344,59,985,257,2H,494.13481,Pass,High pass,,31,7,71.0,7.0,t
2183350,6,985,1673,2H,501.88130499999994,Duel,Ground defending duel,neutral,26,88,30.0,94.0,t
2183357,59,985,1314,2H,513.7802120000001,Duel,Ground defending duel,won,62,24,61.0,33.0,t
2183364,59,985,1460,2H,524.5522860000001,Pass,Simple pass,,60,68,43.0,51.0,t
2183368,59,985,257,2H,536.183247,Pass,Simple pass,,53,5,60.0,6.0,t
2183376,59,985,311,2H,560.5969049999999,Pass,Head pass,,76,63,70.0,78.0,t
2183385,6,985,2162,2H,596.3293880000001,Free Kick,Throw in,,57,0,64.0,16.0,t
2183393,6,985,2162,2H,629.8412480000002,Duel,Ground loose ball duel,won,15,26,11.0,31.0,t
2183400,6,985,1242,2H,661.226279,Duel,Ground loose ball duel,won,68,82,54.0,90.0,t
2183405,6,985,359,2H,672.324224,Pass,Simple pass,,74,83,93.0,93.0,t
2183414,59,985,2065,2H,721.7486189999998,Pass,Launch,,32,6,61.0,45.0,t
2183420,59,985,216,2H,733.8980900000001,Pass,Simple pass,,32,93,30.0,68.0,t
2183424,59,985,161,2H,743.1740060000003,Pass,Simple pass,,69,88,36.0,88.0,t
2183431,59,985,2065,2H,768.5925919999999,Duel,Ground attacking duel,won,31,5,30.0,4.0,t
2183438,6,985,3234,2H,806.7430840000003,Pass,Simple pass,interception,17,61,3.0,55.0,t
2183443,6,985,359,2H,815.8379070000002,Pass,Simple pass,,20,95,3.0,81.0,t
2183454,59,985,1460,2H,891.5672939999998,Duel,Air duel,won,43,68,66.0,47.0,t
2183458,6,985,2162,2H,902.458997,Others on the ball,Acceleration,,30,1,70.0,4.0,t
2183465,6,985,3234,2H,1011.438456,Pass,Simple pass,,23,8,30.0,55.0,t
2183473,6,985,3234,2H,1067.405968,Duel,Air duel,won,23,28,23.0,33.0,t
2183482,6,985,282,2H,1142.019518,Pass,Simple pass,,69,11,69.0,2.0,t
2183487,59,985,2065,2H,1157.417413,Pass,Simple pass,,36,6,41.0,7.0,t
2183492,6,985,3234,2H,1167.417149,Duel,Air duel,won,29,50,28.0,20.0,t
2183498,59,985,257,2H,1179.775181,Pass,Simple pass,,73,25,80.0,37.0,t
2183503,6,985,282,2H,1185.395232,Duel,Ground loose ball duel,won,33,31,36.0,31.0,t
2183509,59,985,216,2H,1194.0057100000004,Pass,Simple pass,,37,83,65.0,97.0,t
2183518,59,985,71,2H,1306.1474630000002,Duel,Ground defending duel,won,7,91,9.0,91.0,t
2183527,6,985,442,2H,1317.8300579999996,Pass,Head pass,interception,75,38,88.0,16.0,t
2183535,6,985,442,2H,1348.529732,Pass,Simple pass,,78,21,75.0,57.0,t
2183548,6,985,282,2H,1390.5302629999996,Pass,Simple pass,interception,38,73,39.0,84.0,t
2183553,6,985,442,2H,1399.413668,Pass,Simple pass,,42,49,48.0,5.0,t
2183562,6,985,2162,2H,1434.0323079999998,Pass,Cross,high,93,7,86.0,62.0,t
2183570,59,985,1314,2H,1485.879597,Pass,Simple pass,,61,24,63.0,15.0,t
2183576,6,985,442,2H,1494.2393519999996,Pass,Simple pass,,26,80,24.0,41.0,t
2183585,6,985,442,2H,1564.5451890000004,Pass,Simple pass,,41,86,62.0,99.0,t
2183589,6,985,3217,2H,1578.339059,Others on the ball,Acceleration,,73,10,86.0,11.0,t
2183594,59,985,161,2H,1591.266834,Duel,Ground attacking duel,neutral,71,96,64.0,100.0,t
2183599,59,985,304,2H,1621.009623,Pass,Simple pass,,32,52,31.0,22.0,t
2183604,6,985,1673,2H,1633.781696,Pass,Simple pass,,25,89,30.0,45.0,t
2183609,59,985,304,2H,1653.2849619999995,Duel,Ground defending duel,neutral,8,25,12.0,28.0,t
2183617,6,985,282,2H,1694.7927879999995,Pass,Simple pass,,36,43,39.0,80.0,t
2183621,6,985,3234,2H,1705.242757,Pass,Simple pass,,35,43,45.0,26.0,t
2183625,6,985,2215,2H,1716.8374290000002,Pass,Simple pass,,67,84,45.0,84.0,t
2183630,6,985,2162,2H,1729.0012770000003,Pass,Cross,high,83,4,91.0,49.0,t
2183642,6,985,3217,2H,1835.335012,Duel,Ground attacking duel,won,94,10,99.0,7.0,t
2183656,6,985,150,2H,1906.138144,Pass,Launch,,6,59,57.0,64.0,t
2183665,59,985,1314,2H,1960.796959,Free Kick,Free kick cross,high,57,17,94.0,76.0,t
2183678,6,985,3217,2H,1973.336695,Pass,High pass,,13,25,40.0,2.0,t
2183687,6,985,442,2H,2062.177924,Duel,Air duel,won,22,26,33.0,16.0,t
2183693,59,985,304,2H,2071.602683,Duel,Ground loose ball duel,won,35,70,37.0,63.0,t
2183700,6,985,3217,2H,2102.54846,Pass,Simple pass,,73,12,67.0,25.0,t
2183706,59,985,1460,2H,2114.561807,Duel,Ground attacking duel,won,22,32,25.0,37.0,t
2183712,59,985,1460,2H,2119.724582,Duel,Ground loose ball duel,won,20,64,27.0,83.0,t
2183720,59,985,161,2H,2163.125967,Pass,Simple pass,,94,87,75.0,92.0,t
2183724,59,985,2065,2H,2176.021518,Pass,Simple pass,,61,6,37.0,24.0,t
2183732,59,985,2065,2H,2209.5229820000004,Duel,Air duel,won,22,7,23.0,0.0,t
2183738,59,985,304,2H,2296.339049,Duel,Ground defending duel,won,13,37,14.0,38.0,t
2183744,59,985,2065,2H,2312.099184,Pass,Head pass,,24,9,25.0,17.0,t
2183749,6,985,282,2H,2318.2325790000004,Pass,Simple pass,,69,59,59.0,69.0,t
2183754,6,985,2215,2H,2334.681938,Pass,Simple pass,,71,81,46.0,60.0,t
2183760,6,985,282,2H,2356.3743430000004,Pass,Simple pass,,71,47,79.0,38.0,t
2183765,59,985,1314,2H,2362.938273,Pass,High pass,,24,70,75.0,91.0,t
2183771,59,985,71,2H,2434.116876,Free Kick,Throw in,,89,100,94.0,92.0,t
2183778,6,985,3234,2H,2461.976094,Free Kick,Free Kick,,27,16,30.0,66.0,t
2183782,6,985,442,2H,2475.353763,Pass,Simple pass,,62,89,77.0,98.0,t
2183790,6,985,282,2H,2498.567969,Pass,Simple pass,,65,42,56.0,28.0,t
2183795,6,985,282,2H,2511.924263,Pass,Smart pass,through,71,73,93.0,75.0,t
2183802,59,985,304,2H,2521.430651,Duel,Air duel,won,10,57,14.0,68.0,t
2183812,6,985,2162,2H,2560.307285,Duel,Ground loose ball duel,neutral,27,6,33.0,0.0,t
2183818,6,985,2215,2H,2591.555061,Pass,Simple pass,,71,89,79.0,96.0,t
2183822,6,985,282,2H,2599.4692940000004,Pass,Simple pass,,62,54,58.0,67.0,t
2183834,6,985,359,2H,2701.14177,Free Kick,Free Kick,,59,86,71.0,70.0,t
2183842,59,985,3235,2H,2744.884276,Duel,Ground attacking duel,neutral,97,3,93.0,0.0,t
2183848,6,985,2215,2H,2756.601554,Duel,Ground defending duel,neutral,12,96,14.0,96.0,t
2183856,59,985,1460,2H,2826.028303,Free Kick,Free Kick,,93,11,95.0,3.0,t
2183863,59,985,304,2H,2844.057766,Pass,Head pass,,29,47,28.0,20.0,t
2183868,6,985,2215,2H,2850.7221790000003,Pass,Simple pass,,67,99,36.0,74.0,t
2183872,6,985,3217,2H,2863.832401,Others on the ball,Acceleration,,80,5,90.0,6.0,t
2182591,59,985,1314,1H,3.0025070000000085,Pass,Simple pass,,44,51,36.0,21.0,t
2182595,59,985,403,1H,17.83280400000001,Pass,Simple pass,,24,54,29.0,11.0,t
2182601,59,985,1314,1H,24.907565000000005,Pass,Simple pass,,43,29,34.0,85.0,t
2182605,59,985,257,1H,36.98940400000001,Pass,High pass,,37,14,79.0,87.0,t
2182613,6,985,442,1H,52.21159299999999,Pass,Head pass,,20,36,29.0,21.0,t
2182620,6,985,442,1H,64.841794,Pass,Simple pass,,46,46,68.0,5.0,t
2182625,6,985,378,1H,82.41678300000001,Pass,Simple pass,,89,6,91.0,6.0,t
2182633,6,985,282,1H,157.937612,Duel,Ground attacking duel,neutral,86,4,100.0,0.0,t
2182640,6,985,2162,1H,196.118693,Pass,Simple pass,,62,46,77.0,87.0,t
2182650,59,985,2065,1H,268.437772,Pass,Cross,high,83,10,91.0,54.0,t
2182656,59,985,2065,1H,372.062992,Duel,Air duel,neutral,66,13,69.0,11.0,t
2182660,59,985,1739,1H,381.004081,Pass,Launch,,22,35,69.0,28.0,t
2182669,59,985,161,1H,423.183527,Duel,Ground attacking duel,won,74,82,72.0,78.0,t
2182677,6,985,1673,1H,432.280864,Pass,Simple pass,,21,60,27.0,90.0,t
2182684,59,985,216,1H,494.2784850000001,Duel,Air duel,won,12,65,12.0,86.0,t
2182691,59,985,71,1H,508.385936,Pass,Simple pass,interception,20,91,27.0,88.0,t
2182698,6,985,2162,1H,520.554132,Free Kick,Throw in,,66,0,46.0,28.0,t
2182702,6,985,442,1H,531.211524,Duel,Ground attacking duel,won,61,54,61.0,53.0,t
2182712,59,985,2065,1H,575.844425,Free Kick,Throw in,,8,0,14.0,14.0,t
2182718,6,985,3234,1H,588.388676,Pass,Simple pass,interception,23,41,9.0,42.0,t
2182724,6,985,359,1H,603.862191,Duel,Ground attacking duel,won,54,97,58.0,80.0,t
2182733,6,985,2162,1H,632.291957,Pass,Simple pass,,71,2,33.0,18.0,t
2182738,59,985,257,1H,649.376222,Duel,Air duel,won,28,35,25.0,48.0,t
2182744,6,985,442,1H,664.631935,Pass,Simple pass,,67,77,76.0,96.0,t
2182751,6,985,1242,1H,686.870628,Duel,Ground attacking duel,won,95,89,97.0,86.0,t
2182759,59,985,2065,1H,727.28575,Duel,Air duel,won,24,37,34.0,40.0,t
2182764,6,985,3234,1H,746.918186,Pass,Simple pass,,24,39,20.0,60.0,t
2182779,6,985,359,1H,831.7684939999998,Free Kick,Throw in,,75,100,84.0,82.0,t
2182787,6,985,2162,1H,901.312768,Duel,Ground loose ball duel,neutral,95,88,100.0,100.0,t
2182796,59,985,257,1H,963.598646,Pass,High pass,,52,42,70.0,98.0,t
2182807,6,985,2162,1H,997.1464810000001,Free Kick,Throw in,,49,0,51.0,7.0,t
2182813,59,985,257,1H,1027.706125,Pass,High pass,,32,15,63.0,92.0,t
2182820,59,985,1314,1H,1040.818929,Pass,High pass,,48,80,63.0,38.0,t
2182824,59,985,1460,1H,1050.521904,Pass,Simple pass,,58,32,65.0,22.0,t
2182828,59,985,216,1H,1059.529805,Pass,Simple pass,,55,86,74.0,82.0,t
2182832,59,985,403,1H,1069.296131,Pass,Simple pass,,35,65,31.0,13.0,t
2182842,59,985,216,1H,1122.995619,Pass,Simple pass,,33,75,60.0,94.0,t
2182852,6,985,2162,1H,1200.03282,Free Kick,Throw in,,30,0,19.0,24.0,t
2182857,6,985,359,1H,1209.623047,Pass,Simple pass,interception,44,81,43.0,72.0,t
2182867,59,985,1460,1H,1265.023513,Duel,Ground attacking duel,won,63,60,63.0,59.0,t
2182879,6,985,282,1H,1374.220285,Duel,Ground defending duel,neutral,33,4,33.0,8.0,t
2182888,6,985,282,1H,1390.910439,Free Kick,Throw in,,87,0,82.0,10.0,t
2182892,6,985,3234,1H,1400.242297,Pass,Simple pass,,56,13,52.0,66.0,t
2182897,59,985,2065,1H,1408.966974,Pass,Head pass,,22,5,24.0,10.0,t
2182904,6,985,442,1H,1449.297801,Duel,Ground loose ball duel,won,34,57,31.0,59.0,t
2182914,59,985,403,1H,1484.091354,Duel,Air duel,neutral,38,75,34.0,97.0,t
2182920,6,985,442,1H,1508.704778,Pass,Simple pass,,60,36,53.0,62.0,t
2182926,6,985,359,1H,1533.587879,Free Kick,Throw in,,85,100,94.0,91.0,t
2182932,6,985,1242,1H,1539.517734,Pass,Cross,Right,98,74,87.0,6.0,t
2182941,6,985,2162,1H,1603.790093,Pass,Simple pass,,60,3,70.0,2.0,t
2182956,59,985,2065,1H,1665.095029,Free Kick,Throw in,,58,0,38.0,15.0,t
2182960,59,985,403,1H,1673.830466,Pass,Simple pass,,25,48,31.0,18.0,t
2182964,59,985,1739,1H,1689.414696,Pass,High pass,,6,50,33.0,13.0,t
2182971,6,985,1242,1H,1704.530826,Duel,Ground attacking duel,won,78,79,81.0,81.0,t
2182982,59,985,71,1H,1725.170003,Free Kick,Throw in,,56,100,47.0,77.0,t
2182987,6,985,1673,1H,1741.778832,Pass,Simple pass,,18,86,30.0,94.0,t
2182991,6,985,2162,1H,1755.706515,Pass,Cross,Left,77,4,93.0,37.0,t
2183000,59,985,1460,1H,1794.938478,Pass,Head pass,interception,8,59,19.0,81.0,t
2183004,6,985,1242,1H,1804.655482,Duel,Ground loose ball duel,neutral,32,2,28.0,0.0,t
2183011,59,985,389,1H,1840.794557,Pass,Simple pass,,64,48,52.0,53.0,t
2183015,59,985,1460,1H,1847.776933,Pass,Simple pass,,55,56,62.0,44.0,t
2183020,6,985,287,1H,1866.982389,Pass,Simple pass,,63,36,65.0,21.0,t
2183027,59,985,161,1H,1875.259186,Duel,Ground attacking duel,won,60,87,60.0,89.0,t
2183038,6,985,1673,1H,1974.013914,Pass,Simple pass,,28,62,32.0,94.0,t
2183047,6,985,442,1H,2033.723839,Pass,Simple pass,,78,9,90.0,2.0,t
2183055,6,985,1839,1H,2076.787833,Duel,Ground defending duel,won,21,12,15.0,14.0,t
2183062,59,985,1460,1H,2084.561227,Duel,Ground attacking duel,won,56,55,57.0,54.0,t
2183068,6,985,1673,1H,2153.643637,Pass,Head pass,,14,64,31.0,52.0,t
2183074,59,985,1460,1H,2182.940305,Pass,Simple pass,,37,29,25.0,50.0,t
2183078,59,985,71,1H,2190.224144,Duel,Ground attacking duel,neutral,42,96,35.0,95.0,t
2183085,59,985,1460,1H,2205.965274,Pass,Simple pass,,27,38,31.0,14.0,t
2183091,6,985,2162,1H,2230.364552,Free Kick,Throw in,,56,0,40.0,19.0,t
2183099,6,985,2162,1H,2271.617638,Duel,Ground loose ball duel,neutral,28,3,32.0,0.0,t
2183104,59,985,403,1H,2289.675193,Pass,Simple pass,,55,52,72.0,12.0,t
2183108,59,985,257,1H,2300.768582,Pass,Simple pass,,45,26,40.0,54.0,t
2183117,6,985,442,1H,2321.558779,Pass,Simple pass,,40,24,53.0,4.0,t
2183124,6,985,442,1H,2335.315392,Pass,Simple pass,,56,8,34.0,19.0,t
2183128,6,985,1839,1H,2347.279546,Pass,High pass,,57,86,87.0,35.0,t
2183137,59,985,1460,1H,2389.225724,Duel,Ground defending duel,won,47,65,32.0,68.0,t
2183145,6,985,442,1H,2401.824415,Pass,Simple pass,interception,32,43,26.0,37.0,t
2183149,6,985,1673,1H,2414.954637,Pass,Simple pass,,24,67,52.0,98.0,t
2183155,59,985,2065,1H,2426.623248,Pass,High pass,,12,27,43.0,30.0,t
2183164,6,985,359,1H,2492.92584,Free Kick,Free Kick,,34,88,27.0,71.0,t
2183168,6,985,3234,1H,2507.116151,Pass,High pass,,29,24,74.0,87.0,t
2183175,59,985,2065,1H,2532.246819,Free Kick,Throw in,,25,0,26.0,14.0,t
2183181,6,985,378,1H,2546.272106,Duel,Ground attacking duel,won,97,66,99.0,67.0,t
2183188,59,985,403,1H,2583.254998,Pass,Simple pass,,29,46,24.0,10.0,t
2183194,59,985,161,1H,2596.656104,Pass,Simple pass,,54,58,71.0,98.0,t
2183201,59,985,257,1H,2633.713346,Duel,Ground loose ball duel,won,34,37,36.0,35.0,t
2183212,6,985,378,2H,2.847278000000188,Pass,Simple pass,,49,50,35.0,53.0,t
2183218,59,985,161,2H,11.545763999999965,Duel,Ground loose ball duel,won,42,69,28.0,85.0,t
2183223,6,985,287,2H,32.06118199999992,Pass,Simple pass,,77,28,65.0,30.0,t
2183228,59,985,1314,2H,45.34258,Duel,Ground defending duel,won,23,6,17.0,4.0,t
2183235,59,985,2065,2H,64.90294499999982,Free Kick,Throw in,,11,0,10.0,8.0,t
2183242,59,985,403,2H,72.80789199999981,Pass,Launch,,7,35,18.0,15.0,t
2183249,59,985,1739,2H,117.68886500000008,Free Kick,Free Kick,,17,7,63.0,26.0,t
2183257,59,985,71,2H,127.06208400000014,Pass,Simple pass,,61,70,79.0,91.0,t
2183265,6,985,442,2H,150.2891709999999,Pass,Simple pass,interception,55,25,51.0,7.0,t
2183272,6,985,287,2H,162.34806799999978,Duel,Ground attacking duel,won,73,9,76.0,21.0,t
2183281,6,985,3234,2H,196.74003600000012,Duel,Ground defending duel,won,26,30,31.0,35.0,t
2183287,6,985,1242,2H,215.5831189999999,Pass,Simple pass,,55,96,49.0,97.0,t
2183294,59,985,389,2H,227.59253900000024,Pass,Simple pass,,72,8,63.0,8.0,t
2183298,59,985,1739,2H,241.54928999999996,Pass,Launch,,14,34,62.0,13.0,t
2183307,6,985,2162,2H,281.13328700000005,Free Kick,Throw in,,72,0,74.0,14.0,t
2183315,59,985,216,2H,308.3933360000001,Duel,Ground loose ball duel,won,44,72,39.0,67.0,t
2183324,59,985,161,2H,397.98160599999983,Duel,Ground attacking duel,won,92,63,92.0,67.0,t
2183335,59,985,71,2H,450.062946,Free Kick,Throw in,,25,100,7.0,91.0,t
2183342,59,985,389,2H,487.8520899999999,Pass,Head pass,,63,37,42.0,9.0,t
2183348,59,985,2065,2H,500.53195700000015,Pass,Simple pass,,70,6,68.0,4.0,t
2183352,6,985,359,2H,502.890825,Duel,Ground loose ball duel,won,30,94,27.0,95.0,t
2183360,59,985,1314,2H,515.6937480000001,Pass,Simple pass,,64,43,73.0,54.0,t
2183366,59,985,257,2H,531.385225,Pass,Simple pass,,53,13,70.0,2.0,t
2183374,59,985,311,2H,559.3009659999998,Duel,Ground attacking duel,neutral,79,59,76.0,63.0,t
2183380,6,985,2162,2H,579.9686769999998,Free Kick,Throw in,,31,0,34.0,10.0,t
2183388,59,985,161,2H,600.1505980000002,Duel,Ground attacking duel,won,40,91,42.0,95.0,t
2183396,6,985,287,2H,653.323985,Duel,Air duel,won,76,9,78.0,27.0,t
2183403,6,985,442,2H,665.0628280000001,Pass,Simple pass,,48,63,49.0,83.0,t
2183409,59,985,2065,2H,679.761062,Duel,Ground attacking duel,won,4,19,4.0,16.0,t
2183417,6,985,282,2H,727.0843500000002,Pass,Simple pass,,46,44,47.0,37.0,t
2183422,59,985,389,2H,738.6926050000003,Pass,Simple pass,,50,46,45.0,55.0,t
2183426,59,985,1739,2H,750.3834240000001,Pass,Simple pass,,14,44,26.0,7.0,t
2183434,59,985,1739,2H,798.0224290000001,Pass,Launch,,20,35,63.0,23.0,t
2183440,6,985,1242,2H,811.5651210000002,Duel,Air duel,neutral,37,90,31.0,96.0,t
2183451,59,985,161,2H,887.3721529999998,Duel,Air duel,won,64,63,61.0,55.0,t
2183456,6,985,150,2H,897.9625190000002,Pass,Simple pass,,10,56,32.0,14.0,t
2183460,6,985,282,2H,908.992045,Pass,Simple pass,,79,2,93.0,2.0,t
2183469,59,985,1739,2H,1062.468829,Free Kick,Free Kick,,24,19,69.0,83.0,t
2183476,6,985,3234,2H,1109.477914,Pass,Simple pass,,25,23,31.0,80.0,t
2183484,6,985,3234,2H,1148.8415429999995,Pass,Simple pass,,39,14,39.0,64.0,t
2183489,59,985,2065,2H,1161.0868039999996,Pass,Simple pass,,27,6,27.0,10.0,t
2183495,59,985,1314,2H,1177.418581,Duel,Ground attacking duel,won,65,67,67.0,64.0,t
2183500,6,985,1673,2H,1181.0172309999998,Duel,Ground loose ball duel,won,18,50,13.0,48.0,t
2183507,59,985,1460,2H,1189.2624210000004,Pass,Simple pass,,54,50,37.0,73.0,t
2183515,6,985,150,2H,1294.367142,Pass,Launch,,15,52,77.0,24.0,t
2183523,6,985,2162,2H,1310.49604,Pass,Head pass,,72,4,79.0,4.0,t
2183533,6,985,2162,2H,1343.0040929999996,Free Kick,Throw in,,93,0,89.0,18.0,t
2183545,59,985,1460,2H,1386.7508939999998,Pass,Simple pass,,55,29,55.0,10.0,t
2183550,6,985,442,2H,1391.619071,Duel,Ground attacking duel,neutral,39,84,35.0,96.0,t
2183557,6,985,3217,2H,1408.4661070000002,Duel,Ground attacking duel,won,89,10,99.0,8.0,t
2183566,59,985,1739,2H,1479.8645159999996,Free Kick,Free Kick,,13,27,65.0,10.0,t
2183573,59,985,257,2H,1489.6561819999995,Pass,Simple pass,,73,9,74.0,6.0,t
2183580,59,985,1739,2H,1540.4846289999996,Free Kick,Free Kick,,28,74,73.0,83.0,t
2183587,6,985,442,2H,1572.985928,Pass,Simple pass,,55,87,48.0,28.0,t
2183592,59,985,257,2H,1585.8355380000005,Pass,Simple pass,,26,52,28.0,83.0,t
2183597,59,985,71,2H,1615.919022,Free Kick,Throw in,,64,100,36.0,86.0,t
2183602,6,985,1673,2H,1631.5140220000003,Duel,Ground attacking duel,neutral,29,94,25.0,89.0,t
2183607,6,985,359,2H,1645.788211,Pass,Simple pass,,63,96,59.0,78.0,t
2183611,6,985,287,2H,1654.888371,Pass,Simple pass,keyPass,88,72,78.0,51.0,t
2183619,6,985,282,2H,1700.8671299999996,Pass,Simple pass,,40,63,31.0,60.0,t
2183623,6,985,3234,2H,1712.6557949999997,Pass,Simple pass,,33,38,40.0,77.0,t
2183628,6,985,442,2H,1724.5800360000003,Pass,Simple pass,,55,34,61.0,10.0,t
2183635,6,985,378,2H,1798.4161400000005,Duel,Ground attacking duel,won,55,33,59.0,34.0,t
2183651,6,985,359,2H,1865.09032,Pass,Simple pass,,79,14,90.0,15.0,t
2183660,59,985,403,2H,1908.628314,Duel,Air duel,won,43,31,67.0,33.0,t
2183670,59,985,1460,2H,1966.41046,Duel,Ground attacking duel,won,94,69,95.0,70.0,t
2183684,59,985,71,2H,2053.757243,Free Kick,Throw in,,65,96,37.0,57.0,t
2183690,6,985,3234,2H,2066.581354,Duel,Ground loose ball duel,won,22,34,18.0,32.0,t
2183698,6,985,3234,2H,2095.425481,Free Kick,Free Kick,,37,11,80.0,22.0,t
2183702,6,985,1673,2H,2107.850598,Pass,Simple pass,,56,66,75.0,96.0,t
2183709,6,985,287,2H,2118.596801,Duel,Ground loose ball duel,neutral,81,42,80.0,36.0,t
2183716,59,985,1739,2H,2153.957612,Free Kick,Free Kick,,24,78,82.0,47.0,t
2183722,59,985,1460,2H,2169.640486,Pass,Simple pass,,71,81,44.0,24.0,t
2183726,6,985,3234,2H,2179.405559,Duel,Ground loose ball duel,won,29,73,32.0,79.0,t
2183735,6,985,282,2H,2294.384974,Duel,Ground attacking duel,won,79,77,81.0,69.0,t
2183742,6,985,287,2H,2310.601306,Duel,Air duel,neutral,75,77,76.0,91.0,t
2183747,59,985,1314,2H,2314.471202,Duel,Air duel,won,32,27,35.0,21.0,t
2183752,6,985,1673,2H,2327.019084,Pass,Simple pass,,54,59,60.0,84.0,t
2183756,6,985,3234,2H,2344.310582,Pass,Simple pass,,45,38,60.0,67.0,t
2183762,6,985,282,2H,2358.258263,Pass,Smart pass,,76,50,88.0,44.0,t
2183768,59,985,161,2H,2371.479552,Duel,Ground attacking duel,neutral,78,91,89.0,100.0,t
2183774,6,985,3217,2H,2438.497213,Pass,Simple pass,,8,2,21.0,9.0,t
2183780,6,985,359,2H,2469.880531,Pass,Simple pass,,43,81,45.0,58.0,t
2183785,59,985,403,2H,2482.132738,Duel,Ground defending duel,won,14,20,12.0,13.0,t
2183793,6,985,442,2H,2506.08882,Pass,Simple pass,,67,74,77.0,92.0,t
2183797,6,985,3217,2H,2515.465112,Duel,Ground attacking duel,neutral,91,50,79.0,39.0,t
2183805,59,985,71,2H,2524.316497,Duel,Ground loose ball duel,neutral,3,73,0.0,0.0,t
2183816,6,985,359,2H,2583.9014180000004,Pass,Simple pass,,55,98,59.0,79.0,t
2183820,6,985,2215,2H,2594.806473,Pass,Simple pass,,64,92,57.0,73.0,t
2183828,6,985,3234,2H,2640.942451,Pass,Head pass,,37,83,59.0,83.0,t
2183838,6,985,359,2H,2737.387016,Duel,Air duel,won,33,92,36.0,90.0,t
2183845,6,985,359,2H,2752.831061,Free Kick,Throw in,,7,100,18.0,95.0,t
2183850,59,985,2065,2H,2757.144716,Duel,Ground attacking duel,neutral,86,4,85.0,0.0,t
2183860,6,985,282,2H,2833.733472,Pass,Simple pass,interception,11,74,15.0,30.0,t
2183866,59,985,2065,2H,2847.973666,Duel,Ground defending duel,neutral,30,14,33.0,1.0,t
2183870,6,985,1673,2H,2859.794949,Pass,Simple pass,,41,25,64.0,5.0,t
2183875,59,985,71,2H,2868.992655,Duel,Ground defending duel,won,10,94,2.0,33.0,t
2182590,59,985,311,1H,2.1288560000000127,Pass,Simple pass,,50,51,44.0,51.0,t
2182594,59,985,216,1H,14.070343000000008,Pass,Simple pass,,31,85,24.0,54.0,t
2182600,59,985,1460,1H,24.068216000000007,Pass,Simple pass,,43,51,43.0,29.0,t
2182604,59,985,403,1H,32.312443,Pass,Simple pass,,30,55,37.0,14.0,t
2182609,59,985,161,1H,45.893783000000006,Duel,Ground defending duel,neutral,96,73,98.0,69.0,t
2182619,6,985,287,1H,62.68374,Pass,Simple pass,,54,61,46.0,46.0,t
2182623,6,985,282,1H,75.066058,Pass,Smart pass,through,67,4,98.0,21.0,t
2182632,6,985,378,1H,156.48927300000005,Pass,Simple pass,,99,4,86.0,4.0,t
2182637,6,985,378,1H,189.006054,Pass,Simple pass,,96,26,87.0,7.0,t
2182648,6,985,3234,1H,266.269436,Duel,Air duel,won,16,78,17.0,90.0,t
2182655,6,985,1242,1H,371.990475,Duel,Air duel,neutral,34,87,31.0,89.0,t
2182659,59,985,403,1H,380.284883,Pass,Simple pass,,29,40,22.0,35.0,t
2182667,59,985,311,1H,421.103174,Duel,Air duel,won,67,87,77.0,88.0,t
2182674,6,985,282,1H,427.5680650000001,Pass,Simple pass,,40,26,56.0,31.0,t
2182682,6,985,359,1H,489.2344900000001,Free Kick,Free kick cross,high,64,97,88.0,35.0,t
2182688,6,985,442,1H,504.934298,Duel,Ground attacking duel,won,78,5,80.0,4.0,t
2182696,59,985,1314,1H,513.254023,Duel,Ground defending duel,neutral,30,98,34.0,100.0,t
2182701,6,985,1242,1H,529.461539,Pass,Simple pass,,68,48,61.0,54.0,t
2182707,6,985,359,1H,549.436424,Duel,Ground attacking duel,won,88,94,82.0,96.0,t
2182716,59,985,161,1H,583.935726,Pass,Simple pass,,59,41,60.0,31.0,t
2182722,6,985,359,1H,601.779168,Duel,Ground loose ball duel,won,58,89,54.0,97.0,t
2182732,6,985,2162,1H,629.342267,Free Kick,Throw in,,68,0,71.0,2.0,t
2182736,6,985,3234,1H,646.09847,Pass,High pass,,27,28,72.0,65.0,t
2182743,6,985,287,1H,661.340963,Pass,Simple pass,,75,95,67.0,77.0,t
2182749,6,985,1242,1H,685.268917,Duel,Ground attacking duel,won,91,86,95.0,89.0,t
2182757,59,985,1460,1H,724.971452,Duel,Air duel,won,10,31,24.0,37.0,t
2182763,6,985,150,1H,743.740037,Pass,Simple pass,,21,53,24.0,39.0,t
2182772,59,985,1314,1H,762.5581039999998,Duel,Ground attacking duel,won,68,98,65.0,97.0,t
2182786,6,985,1673,1H,898.3455169999999,Pass,High pass,,55,73,95.0,88.0,t
2182792,59,985,1314,1H,930.432312,Pass,Simple pass,,28,33,27.0,68.0,t
2182803,6,985,2162,1H,980.281562,Free Kick,Throw in,,25,0,12.0,3.0,t
2182812,59,985,403,1H,1022.500541,Pass,Simple pass,,26,52,32.0,15.0,t
2182819,59,985,216,1H,1039.018308,Pass,Simple pass,,26,82,48.0,80.0,t
2182823,59,985,389,1H,1049.304162,Pass,Simple pass,,66,21,58.0,32.0,t
2182827,59,985,389,1H,1054.982883,Pass,High pass,,62,19,55.0,86.0,t
2182831,59,985,216,1H,1066.070468,Pass,Simple pass,,60,91,35.0,65.0,t
2182838,6,985,287,1H,1083.816169,Duel,Ground attacking duel,won,89,29,92.0,39.0,t
2182846,59,985,2065,1H,1140.97555,Duel,Ground attacking duel,won,89,8,87.0,4.0,t
2182856,59,985,257,1H,1208.602452,Duel,Air duel,won,36,28,56.0,19.0,t
2182865,59,985,2065,1H,1260.507797,Free Kick,Throw in,,79,0,63.0,60.0,t
2182877,59,985,311,1H,1373.551573,Duel,Ground attacking duel,won,66,96,67.0,96.0,t
2182885,59,985,216,1H,1380.566428,Duel,Ground attacking duel,neutral,15,79,4.0,93.0,t
2182891,6,985,2162,1H,1396.833565,Pass,Simple pass,,72,6,56.0,13.0,t
2182896,59,985,389,1H,1407.366693,Pass,Head pass,,29,21,22.0,5.0,t
2182903,59,985,1739,1H,1446.686215,Free Kick,Free Kick,,9,8,66.0,43.0,t
2182909,59,985,311,1H,1455.295462,Duel,Ground attacking duel,won,71,47,74.0,53.0,t
2182919,6,985,2162,1H,1505.625853,Free Kick,Free Kick,,65,4,60.0,36.0,t
2182924,59,985,2065,1H,1516.095857,Duel,Ground defending duel,neutral,28,6,15.0,0.0,t
2182930,6,985,1242,1H,1538.275585,Duel,Ground attacking duel,won,96,72,98.0,74.0,t
2182940,6,985,3234,1H,1600.05672,Pass,Simple pass,,42,41,60.0,3.0,t
2182952,59,985,1460,1H,1647.360726,Pass,High pass,,13,33,60.0,19.0,t
2182959,59,985,216,1H,1672.310171,Pass,Simple pass,,28,76,25.0,48.0,t
2182963,59,985,216,1H,1685.22649,Pass,Simple pass,,27,89,6.0,50.0,t
2182970,6,985,287,1H,1704.121781,Pass,Simple pass,,83,85,78.0,79.0,t
2182978,59,985,1460,1H,1710.171121,Others on the ball,Acceleration,,32,35,52.0,60.0,t
2182985,59,985,403,1H,1735.399677,Pass,Simple pass,,32,49,35.0,14.0,t
2182990,6,985,282,1H,1752.498509,Pass,Simple pass,,63,50,77.0,4.0,t
2182997,6,985,282,1H,1792.387849,Duel,Ground attacking duel,won,84,14,83.0,17.0,t
2183003,59,985,161,1H,1804.433782,Duel,Ground loose ball duel,neutral,68,98,72.0,100.0,t
2183010,59,985,1314,1H,1840.211894,Pass,Simple pass,,55,49,64.0,48.0,t
2183014,59,985,389,1H,1846.305741,Pass,Simple pass,,55,30,55.0,56.0,t
2183019,6,985,287,1H,1866.367281,Duel,Ground attacking duel,neutral,65,36,63.0,36.0,t
2183026,59,985,71,1H,1872.734376,Pass,High pass,,25,91,60.0,87.0,t
2183037,6,985,2162,1H,1971.06592,Free Kick,Free Kick,,33,31,28.0,62.0,t
2183046,6,985,282,1H,2031.845366,Free Kick,Throw in,,83,0,78.0,9.0,t
2183051,59,985,389,1H,2044.180724,Duel,Ground attacking duel,won,35,36,38.0,40.0,t
2183060,59,985,389,1H,2083.729368,Pass,Simple pass,,67,37,56.0,55.0,t
2183066,6,985,359,1H,2152.553922,Duel,Ground loose ball duel,won,14,59,14.0,64.0,t
2183073,59,985,257,1H,2182.385908,Pass,Simple pass,,28,13,37.0,29.0,t
2183077,6,985,2162,1H,2190.111171,Duel,Ground defending duel,neutral,58,4,65.0,5.0,t
2183084,59,985,389,1H,2205.015568,Pass,Simple pass,,38,37,27.0,38.0,t
2183088,59,985,1739,1H,2214.50333,Pass,High pass,,6,42,34.0,100.0,t
2183098,59,985,1460,1H,2268.785694,Pass,Launch,,43,71,72.0,97.0,t
2183103,59,985,1460,1H,2286.350794,Pass,Simple pass,,63,91,55.0,52.0,t
2183107,59,985,1460,1H,2299.279711,Pass,Simple pass,,59,33,45.0,26.0,t
2183116,6,985,287,1H,2318.932827,Pass,Simple pass,,40,9,40.0,24.0,t
2183123,6,985,2162,1H,2333.089237,Free Kick,Throw in,,63,0,56.0,8.0,t
2183127,6,985,1242,1H,2345.557576,Pass,Simple pass,,69,86,57.0,86.0,t
2183135,6,985,2162,1H,2386.019272,Pass,High pass,,32,21,55.0,39.0,t
2183141,6,985,3234,1H,2396.971665,Duel,Ground loose ball duel,won,32,37,32.0,40.0,t
2183148,6,985,3234,1H,2412.134464,Pass,Simple pass,,21,21,24.0,67.0,t
2183154,59,985,2065,1H,2423.548702,Duel,Ground defending duel,won,3,20,12.0,27.0,t
2183161,6,985,359,1H,2479.509952,Duel,Air duel,won,34,84,39.0,80.0,t
2183167,6,985,282,1H,2502.95157,Pass,Simple pass,,38,3,29.0,24.0,t
2183172,6,985,359,1H,2513.264675,Duel,Air duel,won,64,91,75.0,100.0,t
2183180,6,985,282,1H,2543.96042,Pass,High pass,through,67,28,97.0,66.0,t
2183187,59,985,257,1H,2577.833033,Pass,Simple pass,,28,19,29.0,46.0,t
2183193,59,985,1460,1H,2594.460869,Pass,Simple pass,,45,48,54.0,58.0,t
2183199,6,985,150,1H,2631.029149,Free Kick,Free Kick,,13,72,66.0,63.0,t
2183208,6,985,442,1H,2673.924207,Pass,Simple pass,counter_attack,30,63,48.0,70.0,t
2183217,59,985,161,2H,10.717673000000104,Duel,Air duel,neutral,40,68,42.0,69.0,t
2183222,6,985,3234,2H,29.562125999999807,Pass,High pass,,36,32,77.0,28.0,t
2183226,6,985,359,2H,40.6737250000001,Pass,Simple pass,,53,98,77.0,94.0,t
2183231,59,985,2065,2H,48.39967999999999,Pass,Simple pass,,13,3,10.0,16.0,t
2183240,59,985,403,2H,71.85241799999993,Duel,Ground loose ball duel,won,7,39,7.0,35.0,t
2183246,6,985,3234,2H,83.67666099999997,Pass,Head pass,,58,78,65.0,98.0,t
2183256,59,985,1460,2H,126.1615929999998,Pass,Head pass,,54,56,61.0,70.0,t
2183262,6,985,150,2H,134.4587459999998,Save attempt,Reflexes,,100,100,8.0,50.0,t
2183271,6,985,282,2H,161.82030600000007,Pass,Simple pass,,65,2,73.0,9.0,t
2183280,59,985,1739,2H,194.4780249999999,Free Kick,Free Kick,,27,15,74.0,70.0,t
2183286,6,985,359,2H,214.4946030000001,Pass,Simple pass,,39,98,55.0,96.0,t
2183293,59,985,1314,2H,225.8821950000001,Pass,Simple pass,,73,4,72.0,8.0,t
2183297,59,985,403,2H,237.66870900000004,Pass,Simple pass,,33,45,14.0,34.0,t
2183303,6,985,3234,2H,264.7693210000002,Pass,Simple pass,,39,45,52.0,6.0,t
2183314,6,985,3234,2H,306.4500619999999,Pass,Head pass,interception,35,27,56.0,28.0,t
2183322,59,985,1314,2H,395.24315100000007,Free Kick,Free Kick,,64,67,92.0,63.0,t
2183330,59,985,216,2H,414.235259,Pass,Head pass,,24,65,28.0,84.0,t
2183341,59,985,1314,2H,486.4175759999998,Duel,Air duel,won,54,47,63.0,37.0,t
2183345,6,985,359,2H,496.59813799999984,Duel,Ground loose ball duel,won,29,93,30.0,94.0,t
2183351,59,985,311,2H,502.2510900000002,Duel,Ground attacking duel,neutral,74,12,70.0,6.0,t
2183359,59,985,1314,2H,515.069454,Duel,Ground attacking duel,won,61,33,64.0,43.0,t
2183365,59,985,403,2H,526.866657,Pass,Simple pass,,43,51,53.0,13.0,t
2183369,59,985,389,2H,538.8170070000001,Duel,Ground attacking duel,won,60,6,56.0,9.0,t
2183377,59,985,1460,2H,562.2301750000001,Pass,Head pass,,70,78,77.0,93.0,t
2183387,59,985,161,2H,598.7773149999998,Duel,Ground defending duel,won,36,84,40.0,91.0,t
2183395,6,985,3234,2H,651.2631329999999,Free Kick,Free Kick,,20,24,76.0,9.0,t
2183402,6,985,359,2H,663.700777,Pass,Simple pass,,54,90,48.0,63.0,t
2183407,59,985,2065,2H,677.4699049999999,Duel,Ground defending duel,won,7,7,4.0,19.0,t
2183416,6,985,1839,2H,725.0253889999999,Duel,Ground loose ball duel,won,39,55,46.0,44.0,t
2183421,59,985,1460,2H,736.0769460000001,Pass,Simple pass,,30,68,50.0,46.0,t
2183425,59,985,216,2H,746.4192750000002,Pass,Simple pass,,36,88,14.0,44.0,t
2183433,59,985,257,2H,793.4321839999997,Free Kick,Free Kick,,28,8,20.0,35.0,t
2183439,6,985,150,2H,808.2049900000003,Pass,Launch,,3,55,37.0,90.0,t
2183449,59,985,1314,2H,885.5352899999998,Pass,Head pass,,42,65,64.0,63.0,t
2183455,6,985,1673,2H,896.0793349999999,Pass,Simple pass,,34,53,10.0,56.0,t
2183459,6,985,2162,2H,907.5317920000001,Pass,Simple pass,,70,4,79.0,2.0,t
2183466,6,985,1673,2H,1014.7532259999998,Pass,Simple pass,,30,55,55.0,90.0,t
2183475,6,985,150,2H,1106.6945260000002,Free Kick,Free Kick,,18,27,25.0,23.0,t
2183483,6,985,2162,2H,1143.9453890000004,Pass,Simple pass,,69,2,39.0,14.0,t
2183488,59,985,257,2H,1158.8196930000004,Pass,Simple pass,,41,7,27.0,6.0,t
2183493,59,985,71,2H,1173.953915,Pass,Simple pass,,72,80,65.0,67.0,t
2183499,59,985,311,2H,1180.984367,Duel,Ground loose ball duel,neutral,80,37,82.0,50.0,t
2183506,59,985,216,2H,1187.8038610000003,Pass,Head pass,,57,64,54.0,50.0,t
2183511,59,985,71,2H,1196.0422470000003,Duel,Ground attacking duel,won,65,97,63.0,97.0,t
2183520,59,985,71,2H,1307.112518,Duel,Ground attacking duel,won,9,91,15.0,94.0,t
2183529,6,985,3217,2H,1322.6231879999996,Duel,Ground attacking duel,won,88,16,92.0,11.0,t
2183541,6,985,3234,2H,1385.2404180000003,Duel,Air duel,won,38,63,48.0,72.0,t
2183549,59,985,311,2H,1391.5339839999997,Duel,Ground defending duel,neutral,61,16,65.0,4.0,t
2183554,6,985,2162,2H,1401.230469,Pass,Simple pass,,48,5,84.0,4.0,t
2183564,59,985,2065,2H,1437.6469459999998,Duel,Air duel,won,14,38,15.0,42.0,t
2183572,59,985,257,2H,1487.6460749999997,Duel,Ground attacking duel,won,63,15,73.0,9.0,t
2183577,6,985,1673,2H,1497.7222410000004,Pass,Simple pass,,24,41,31.0,8.0,t
2183586,6,985,2215,2H,1569.8427650000003,Pass,Simple pass,,62,99,55.0,87.0,t
2183591,59,985,403,2H,1582.4996810000002,Pass,Head pass,interception,12,36,26.0,52.0,t
2183595,6,985,3217,2H,1591.596971,Duel,Ground defending duel,neutral,29,4,36.0,0.0,t
2183600,59,985,403,2H,1622.787418,Pass,Simple pass,,31,22,15.0,36.0,t
2183606,6,985,3234,2H,1641.859934,Pass,High pass,,46,46,63.0,96.0,t
2183610,6,985,287,2H,1653.6217699999995,Duel,Ground attacking duel,neutral,92,75,88.0,72.0,t
2183618,6,985,359,2H,1698.9693239999997,Pass,Simple pass,,39,80,40.0,63.0,t
2183622,6,985,282,2H,1710.0085289999995,Pass,Simple pass,,45,26,33.0,38.0,t
2183626,6,985,1673,2H,1718.8249830000004,Pass,Simple pass,,45,84,43.0,52.0,t
2183634,6,985,442,2H,1796.1066099999998,Pass,Head pass,interception,36,36,55.0,33.0,t
2183649,6,985,3217,2H,1862.374008,Duel,Ground loose ball duel,won,88,29,79.0,14.0,t
2183657,6,985,378,2H,1908.519145,Duel,Air duel,neutral,57,64,57.0,69.0,t
2183667,6,985,3234,2H,1964.367161,Duel,Air duel,won,6,24,10.0,20.0,t
2183680,59,985,216,2H,1978.55911,Duel,Ground attacking duel,won,61,93,61.0,99.0,t
2183689,59,985,71,2H,2064.785618,Pass,High pass,,67,84,78.0,66.0,t
2183695,59,985,304,2H,2072.615361,Pass,Head pass,,37,63,41.0,94.0,t
2183701,6,985,282,2H,2104.485063,Pass,Simple pass,,67,25,56.0,66.0,t
2183708,6,985,3217,2H,2117.379613,Pass,Head pass,interception,79,25,81.0,42.0,t
2183713,59,985,1460,2H,2121.939858,Duel,Ground attacking duel,won,27,83,29.0,88.0,t
2183721,59,985,71,2H,2166.918927,Pass,Simple pass,,75,92,71.0,81.0,t
2183725,59,985,403,2H,2177.366785,Pass,High pass,,37,24,71.0,27.0,t
2183734,6,985,359,2H,2293.2758670000003,Free Kick,Throw in,,77,100,79.0,77.0,t
2183741,6,985,2162,2H,2306.6591200000003,Pass,High pass,,45,13,75.0,77.0,t
2183745,59,985,257,2H,2312.982031,Pass,Head pass,,25,17,32.0,27.0,t
2183750,6,985,3234,2H,2318.389426,Pass,Simple pass,,59,69,44.0,62.0,t
2183755,6,985,1673,2H,2340.079657,Pass,Simple pass,,46,60,45.0,38.0,t
2183761,6,985,3217,2H,2357.804596,Pass,Simple pass,,79,38,76.0,50.0,t
2183766,59,985,161,2H,2368.581946,Duel,Ground loose ball duel,won,75,91,78.0,91.0,t
2183772,6,985,2162,2H,2435.372468,Duel,Ground defending duel,won,6,8,8.0,2.0,t
2183779,6,985,1673,2H,2464.862064,Pass,Simple pass,,30,66,43.0,81.0,t
2183783,6,985,2215,2H,2479.479211,Pass,Simple pass,,77,98,86.0,80.0,t
2183791,6,985,3234,2H,2500.998074,Pass,Simple pass,,56,28,52.0,62.0,t
2183796,6,985,2215,2H,2513.681308,Pass,Cross,Right,93,75,91.0,50.0,t
2183804,6,985,2162,2H,2524.150398,Duel,Ground loose ball duel,neutral,97,27,100.0,100.0,t
2183813,59,985,3235,2H,2560.866617,Duel,Ground loose ball duel,neutral,73,94,67.0,100.0,t
2183819,6,985,359,2H,2592.789022,Pass,Simple pass,,79,96,64.0,92.0,t
2183823,6,985,1673,2H,2601.812954,Pass,Simple pass,,58,67,55.0,30.0,t
2183837,59,985,1739,2H,2734.587367,Free Kick,Free Kick,,17,6,67.0,8.0,t
2183843,6,985,359,2H,2745.212232,Duel,Ground defending duel,neutral,3,97,7.0,100.0,t
2183849,6,985,359,2H,2756.7290110000004,Duel,Ground defending duel,neutral,14,96,15.0,100.0,t
2183857,59,985,575,2H,2827.712933,Duel,Ground attacking duel,won,95,3,94.0,7.0,t
2183864,6,985,2215,2H,2845.686513,Duel,Ground defending duel,won,72,80,70.0,86.0,t
2183869,6,985,3234,2H,2855.338296,Pass,Simple pass,,36,74,41.0,25.0,t
2183873,6,985,3217,2H,2867.330655,Duel,Ground attacking duel,won,90,6,96.0,5.0,t
2182592,59,985,389,1H,7.444523000000003,Pass,Simple pass,,36,21,28.0,60.0,t
2182596,59,985,257,1H,20.337698999999983,Pass,Simple pass,,29,11,44.0,11.0,t
2182602,59,985,216,1H,27.504876999999997,Pass,Simple pass,,34,85,54.0,91.0,t
2182607,59,985,71,1H,41.978925,Duel,Air duel,won,79,87,96.0,73.0,t
2182614,59,985,1314,1H,54.49848200000002,Duel,Air duel,won,71,79,81.0,86.0,t
2182621,6,985,282,1H,69.644498,Pass,Simple pass,,68,5,60.0,6.0,t
2182626,6,985,2162,1H,87.76294200000001,Duel,Ground attacking duel,won,91,6,95.0,1.0,t
2182634,59,985,311,1H,158.12291699999997,Duel,Ground defending duel,neutral,14,96,0.0,100.0,t
2182645,59,985,311,1H,233.681154,Duel,Ground attacking duel,won,64,69,63.0,64.0,t
2182651,59,985,311,1H,269.524126,Shot,Shot,gl,91,54,0.0,0.0,t
2182657,59,985,389,1H,375.212412,Pass,Simple pass,,69,11,58.0,22.0,t
2182661,59,985,311,1H,383.53445,Duel,Ground loose ball duel,won,69,28,75.0,36.0,t
2182671,6,985,442,1H,424.151794,Duel,Ground defending duel,won,28,22,30.0,20.0,t
2182678,6,985,359,1H,434.753438,Pass,Simple pass,,27,90,62.0,93.0,t
2182686,6,985,282,1H,497.824669,Pass,Simple pass,interception,72,23,85.0,2.0,t
2182693,6,985,2162,1H,512.471154,Duel,Ground attacking duel,won,69,4,70.0,2.0,t
2182699,6,985,442,1H,523.218505,Pass,Simple pass,,46,28,45.0,66.0,t
2182705,6,985,442,1H,545.070635,Free Kick,Free Kick,,61,54,75.0,72.0,t
2182713,59,985,1314,1H,577.676704,Pass,Launch,,14,14,57.0,41.0,t
2182719,6,985,150,1H,591.14472,Pass,Simple pass,,9,42,23.0,47.0,t
2182727,6,985,359,1H,615.144255,Free Kick,Free Kick,,57,96,45.0,87.0,t
2182734,6,985,3234,1H,637.725592,Pass,Simple pass,,33,18,19.0,54.0,t
2182740,6,985,442,1H,656.485086,Pass,Head pass,interception,46,64,66.0,70.0,t
2182747,6,985,150,1H,673.533547,Pass,Simple pass,,22,77,41.0,83.0,t
2182753,6,985,1242,1H,688.524081,Duel,Ground attacking duel,neutral,97,86,100.0,100.0,t
2182761,6,985,1839,1H,729.011256,Pass,Simple pass,,66,60,53.0,50.0,t
2182766,59,985,216,1H,752.412001,Pass,Head pass,,28,73,64.0,93.0,t
2182780,6,985,287,1H,833.2044780000001,Duel,Ground attacking duel,won,84,82,84.0,81.0,t
2182788,59,985,2065,1H,901.538019,Duel,Ground loose ball duel,neutral,5,12,0.0,0.0,t
2182798,6,985,2162,1H,974.652345,Duel,Ground defending duel,won,26,3,25.0,5.0,t
2182810,59,985,71,1H,1016.668962,Free Kick,Throw in,,52,100,30.0,88.0,t
2182815,59,985,71,1H,1031.411873,Duel,Air duel,won,63,92,61.0,73.0,t
2182821,59,985,389,1H,1042.741282,Pass,Head pass,,63,38,66.0,10.0,t
2182825,59,985,389,1H,1051.166284,Pass,Simple pass,,65,22,60.0,37.0,t
2182829,59,985,161,1H,1061.26051,Pass,Simple pass,,74,82,76.0,95.0,t
2182833,59,985,257,1H,1073.620811,Pass,Simple pass,,31,13,45.0,33.0,t
2182843,59,985,71,1H,1128.329251,Pass,Simple pass,,60,94,49.0,89.0,t
2182853,6,985,3234,1H,1202.542418,Pass,Simple pass,,19,24,8.0,49.0,t
2182860,59,985,257,1H,1246.124489,Free Kick,Free Kick,,31,19,75.0,24.0,t
2182870,6,985,150,1H,1327.250786,Pass,Hand pass,,12,41,20.0,88.0,t
2182882,6,985,442,1H,1375.032079,Pass,Simple pass,,35,11,49.0,7.0,t
2182889,6,985,287,1H,1392.635612,Pass,Simple pass,,82,10,81.0,4.0,t
2182893,6,985,1673,1H,1402.840718,Pass,Simple pass,,52,66,73.0,98.0,t
2182898,6,985,1839,1H,1409.658823,Duel,Air duel,won,76,90,93.0,91.0,t
2182906,6,985,442,1H,1450.600277,Pass,Head pass,,31,59,31.0,54.0,t
2182915,6,985,287,1H,1484.294989,Duel,Air duel,neutral,62,25,66.0,3.0,t
2182922,6,985,1673,1H,1513.762849,Pass,Simple pass,,67,90,72.0,94.0,t
2182927,6,985,287,1H,1535.149476,Duel,Ground attacking duel,won,94,91,98.0,94.0,t
2182936,6,985,3234,1H,1578.640549,Duel,Air duel,won,41,67,39.0,62.0,t
2182942,6,985,282,1H,1607.162933,Pass,Smart pass,,70,2,95.0,10.0,t
2182957,59,985,1314,1H,1666.982651,Pass,Simple pass,,38,15,29.0,53.0,t
2182961,59,985,257,1H,1678.448369,Pass,Simple pass,,31,18,26.0,59.0,t
2182965,6,985,359,1H,1691.791942,Duel,Air duel,won,67,87,86.0,89.0,t
2182974,6,985,1242,1H,1705.331679,Duel,Ground attacking duel,won,81,81,68.0,70.0,t
2182983,59,985,1460,1H,1728.628516,Pass,Simple pass,,47,77,30.0,26.0,t
2182988,6,985,359,1H,1745.119189,Pass,Simple pass,,30,94,63.0,71.0,t
2182992,59,985,403,1H,1757.56126,Duel,Ground loose ball duel,won,7,63,8.0,67.0,t
2183001,59,985,389,1H,1796.456066,Pass,Head pass,,19,81,4.0,91.0,t
2183007,6,985,2162,1H,1832.824135,Free Kick,Throw in,,28,0,33.0,5.0,t
2183012,59,985,1314,1H,1842.369685,Pass,Simple pass,,52,53,40.0,49.0,t
2183017,6,985,150,1H,1862.982602,Pass,Launch,,14,50,65.0,36.0,t
2183021,6,985,282,1H,1867.192407,Others on the ball,Acceleration,,65,21,74.0,15.0,t
2183030,59,985,1460,1H,1909.027094,Free Kick,Free Kick,,63,83,97.0,15.0,t
2183039,6,985,359,1H,1976.219713,Pass,High pass,,32,94,83.0,94.0,t
2183048,6,985,282,1H,2034.645408,Pass,Simple pass,,90,2,73.0,9.0,t
2183057,6,985,3234,1H,2078.373538,Pass,High pass,,15,14,45.0,46.0,t
2183064,59,985,1314,1H,2142.352168,Free Kick,Free kick cross,high,59,53,68.0,93.0,t
2183069,6,985,442,1H,2156.490316,Pass,Simple pass,,31,52,62.0,95.0,t
2183075,59,985,403,1H,2185.776805,Pass,Simple pass,,25,50,25.0,80.0,t
2183080,6,985,3234,1H,2192.507742,Pass,Simple pass,,47,8,46.0,22.0,t
2183086,59,985,2065,1H,2208.113787,Pass,Simple pass,,31,14,21.0,13.0,t
2183095,6,985,282,1H,2265.48912,Pass,Head pass,interception,39,14,51.0,28.0,t
2183100,59,985,161,1H,2272.345433,Duel,Ground loose ball duel,neutral,72,97,68.0,100.0,t
2183105,59,985,2065,1H,2295.53201,Pass,Simple pass,,72,12,55.0,23.0,t
2183109,59,985,403,1H,2304.032265,Pass,Simple pass,,40,54,52.0,93.0,t
2183118,6,985,282,1H,2323.470539,Pass,Smart pass,through,53,4,93.0,24.0,t
2183125,6,985,3234,1H,2339.765463,Pass,High pass,,34,19,69.0,98.0,t
2183130,59,985,216,1H,2351.180547,Duel,Ground defending duel,won,13,65,14.0,67.0,t
2183139,59,985,257,1H,2391.126653,Pass,Simple pass,,32,68,14.0,53.0,t
2183146,6,985,3234,1H,2402.842007,Pass,Simple pass,,26,37,35.0,8.0,t
2183150,6,985,359,1H,2417.83213,Pass,Simple pass,,52,98,84.0,86.0,t
2183156,59,985,311,1H,2428.467077,Duel,Ground attacking duel,won,43,30,46.0,28.0,t
2183165,6,985,1839,1H,2495.569465,Pass,Simple pass,,27,71,33.0,2.0,t
2183170,59,985,2065,1H,2510.36885,Duel,Ground loose ball duel,won,26,13,30.0,18.0,t
2183177,6,985,442,1H,2537.084363,Pass,Simple pass,interception,48,68,58.0,27.0,t
2183185,59,985,389,1H,2570.938212,Pass,Simple pass,,68,4,56.0,14.0,t
2183189,59,985,257,1H,2586.074339,Pass,Simple pass,,24,10,23.0,6.0,t
2183195,59,985,71,1H,2600.174118,Pass,Cross,high,71,98,94.0,36.0,t
2183203,59,985,1739,1H,2665.689653,Free Kick,Free Kick,,32,34,74.0,39.0,t
2183214,59,985,257,2H,7.816044000000147,Pass,Head pass,,25,42,40.0,68.0,t
2183220,6,985,150,2H,19.953567999999905,Pass,Simple pass,,14,43,35.0,71.0,t
2183224,6,985,282,2H,34.12114199999996,Pass,Simple pass,,65,30,56.0,53.0,t
2183229,6,985,1242,2H,46.454205,Duel,Ground defending duel,neutral,83,96,87.0,97.0,t
2183237,6,985,442,2H,67.84005500000012,Pass,Head pass,interception,68,75,82.0,81.0,t
2183243,6,985,1242,2H,75.33760299999993,Duel,Ground defending duel,neutral,82,85,90.0,96.0,t
2183250,6,985,3234,2H,119.32257299999992,Duel,Ground loose ball duel,won,37,74,39.0,73.0,t
2183259,59,985,161,2H,129.64354000000003,Duel,Ground attacking duel,won,79,91,91.0,90.0,t
2183267,59,985,216,2H,156.25861799999984,Pass,Head pass,interception,26,81,35.0,87.0,t
2183274,6,985,287,2H,164.80523700000003,Duel,Ground attacking duel,won,76,21,82.0,21.0,t
2183284,6,985,3234,2H,210.38250000000016,Free Kick,Free Kick,,28,33,28.0,62.0,t
2183290,59,985,1314,2H,217.86971399999996,Pass,Simple pass,interception,39,9,69.0,8.0,t
2183295,59,985,2065,2H,229.23017500000012,Pass,Simple pass,,63,8,49.0,23.0,t
2183299,6,985,359,2H,244.2309519999999,Duel,Ground defending duel,won,38,87,40.0,90.0,t
2183309,59,985,1460,2H,283.7902429999999,Pass,Simple pass,interception,24,94,35.0,89.0,t
2183317,59,985,216,2H,309.35823900000014,Pass,Head pass,,39,67,66.0,67.0,t
2183325,6,985,359,2H,398.15355099999994,Duel,Ground defending duel,neutral,8,33,100.0,100.0,t
2183337,59,985,71,2H,452.40712799999983,Duel,Ground attacking duel,won,7,91,4.0,93.0,t
2183343,59,985,2065,2H,492.0120189999998,Pass,Simple pass,,42,9,31.0,7.0,t
2183349,59,985,389,2H,501.19466700000015,Pass,Simple pass,,68,4,74.0,12.0,t
2183355,6,985,359,2H,511.4047740000001,Free Kick,Free Kick,,31,97,38.0,76.0,t
2183363,59,985,71,2H,522.3723359999999,Pass,Simple pass,,68,75,60.0,68.0,t
2183367,59,985,2065,2H,534.9795859999999,Pass,Simple pass,,70,2,53.0,5.0,t
2183375,6,985,442,2H,559.40616,Duel,Ground defending duel,neutral,21,41,24.0,37.0,t
2183381,6,985,282,2H,581.5144150000001,Pass,Simple pass,,34,10,30.0,2.0,t
2183391,59,985,216,2H,625.5359560000002,Free Kick,Free Kick,,39,88,85.0,74.0,t
2183399,6,985,378,2H,659.4523319999998,Pass,High pass,,54,32,68.0,82.0,t
2183404,6,985,359,2H,667.0199400000001,Others on the ball,Acceleration,,49,83,74.0,83.0,t
2183413,59,985,403,2H,719.3441779999998,Pass,Head pass,,32,45,32.0,6.0,t
2183418,6,985,1839,2H,728.615624,Pass,Simple pass,,47,37,61.0,7.0,t
2183423,59,985,1460,2H,740.038008,Pass,Simple pass,,45,55,69.0,88.0,t
2183429,59,985,2065,2H,764.6194650000001,Free Kick,Throw in,,26,0,31.0,5.0,t
2183436,59,985,311,2H,801.962133,Duel,Air duel,won,63,23,70.0,24.0,t
2183441,59,985,2065,2H,811.9989919999998,Duel,Air duel,neutral,63,10,69.0,4.0,t
2183452,6,985,1673,2H,888.1215470000003,Pass,High pass,,39,45,57.0,32.0,t
2183457,6,985,3234,2H,900.9674169999998,Pass,Simple pass,,32,14,30.0,1.0,t
2183464,6,985,2162,2H,1010.027931,Free Kick,Throw in,,30,0,23.0,8.0,t
2183471,59,985,71,2H,1065.488077,Duel,Air duel,won,69,83,77.0,72.0,t
2183481,6,985,2162,2H,1138.4769029999998,Free Kick,Throw in,,69,0,69.0,11.0,t
2183486,59,985,403,2H,1154.452518,Pass,Head pass,interception,26,7,36.0,6.0,t
2183490,59,985,403,2H,1163.3127050000005,Pass,High pass,,27,10,71.0,50.0,t
2183496,59,985,1314,2H,1178.3139419999998,Pass,Simple pass,,67,64,73.0,25.0,t
2183502,6,985,3234,2H,1183.054209,Pass,High pass,,13,48,33.0,31.0,t
2183508,59,985,304,2H,1191.8933619999998,Pass,Simple pass,,37,73,37.0,83.0,t
2183516,6,985,378,2H,1300.313752,Pass,Simple pass,,77,24,80.0,5.0,t
2183524,6,985,442,2H,1312.16543,Pass,Simple pass,,79,4,72.0,38.0,t
2183534,6,985,287,2H,1345.433357,Pass,Simple pass,,89,18,78.0,21.0,t
2183546,59,985,257,2H,1388.211418,Pass,Simple pass,,55,10,58.0,3.0,t
2183551,6,985,359,2H,1393.9903059999997,Pass,Simple pass,,35,96,38.0,86.0,t
2183561,6,985,359,2H,1430.04659,Free Kick,Corner,,100,0,93.0,7.0,t
2183567,6,985,2215,2H,1481.182339,Duel,Ground loose ball duel,won,35,90,29.0,94.0,t
2183574,6,985,2215,2H,1490.91374,Duel,Ground defending duel,won,26,94,26.0,80.0,t
2183581,6,985,3234,2H,1543.4743159999998,Duel,Air duel,won,27,17,22.0,25.0,t
2183588,6,985,3234,2H,1576.8844250000002,Pass,Simple pass,,48,28,73.0,10.0,t
2183593,59,985,161,2H,1587.5109650000004,Others on the ball,Acceleration,,28,83,71.0,96.0,t
2183598,59,985,216,2H,1618.3371429999995,Pass,Simple pass,,36,86,32.0,52.0,t
2183603,59,985,311,2H,1631.9325090000002,Duel,Ground defending duel,neutral,71,6,75.0,11.0,t
2183608,6,985,282,2H,1647.5645050000005,Pass,Smart pass,through,59,78,92.0,75.0,t
2183615,59,985,311,2H,1690.5349539999995,Duel,Air duel,won,67,63,64.0,57.0,t
2183620,6,985,1673,2H,1702.601737,Pass,Simple pass,,31,60,35.0,43.0,t
2183624,6,985,1673,2H,1715.529689,Pass,Simple pass,,40,77,67.0,84.0,t
2183629,6,985,282,2H,1727.4253550000003,Pass,Simple pass,,61,10,83.0,4.0,t
2183641,6,985,2162,2H,1830.9480080000003,Free Kick,Throw in,,89,0,94.0,10.0,t
2183655,6,985,1673,2H,1903.5856350000004,Pass,Simple pass,,10,94,6.0,59.0,t
2183662,59,985,1460,2H,1915.699541,Duel,Ground attacking duel,won,54,29,53.0,30.0,t
2183674,59,985,257,2H,1969.600654,Pass,Simple pass,,75,57,72.0,32.0,t
2183686,6,985,2162,2H,2060.210789,Pass,Head pass,,15,22,22.0,26.0,t
2183692,6,985,1673,2H,2068.188165,Pass,High pass,,18,32,65.0,30.0,t
2183699,6,985,378,2H,2097.764893,Pass,Head pass,,80,22,73.0,12.0,t
2183703,6,985,359,2H,2111.047507,Pass,Simple pass,,75,96,78.0,77.0,t
2183710,59,985,216,2H,2118.781743,Duel,Ground loose ball duel,neutral,19,58,20.0,64.0,t
2183717,6,985,1673,2H,2156.5031900000004,Duel,Ground loose ball duel,won,18,53,17.0,42.0,t
2183723,59,985,403,2H,2173.0433030000004,Pass,Simple pass,,44,24,61.0,6.0,t
2183730,6,985,3234,2H,2206.769063,Pass,High pass,,36,49,78.0,93.0,t
2183737,6,985,282,2H,2295.464172,Pass,Simple pass,,81,69,87.0,63.0,t
2183743,59,985,257,2H,2311.033329,Duel,Air duel,neutral,25,23,24.0,9.0,t
2183748,6,985,2215,2H,2316.534197,Pass,Simple pass,,65,79,69.0,59.0,t
2183753,6,985,442,2H,2328.5355740000005,Pass,Simple pass,,60,84,71.0,81.0,t
2183757,6,985,282,2H,2348.140338,Pass,Simple pass,,60,67,80.0,97.0,t
2183764,59,985,304,2H,2359.620131,Duel,Ground defending duel,won,12,56,24.0,70.0,t
2183769,6,985,1673,2H,2372.550377,Duel,Ground defending duel,neutral,22,9,11.0,0.0,t
2183775,6,985,282,2H,2440.081806,Duel,Ground attacking duel,won,21,9,19.0,10.0,t
2183781,6,985,282,2H,2472.820778,Pass,Simple pass,,45,58,62.0,89.0,t
2183788,6,985,359,2H,2491.023231,Free Kick,Throw in,,73,100,52.0,67.0,t
2183794,6,985,2215,2H,2510.294862,Pass,Simple pass,,77,92,71.0,73.0,t
2183798,59,985,71,2H,2516.310287,Duel,Ground defending duel,neutral,9,50,21.0,61.0,t
2183811,59,985,575,2H,2558.047361,Duel,Air duel,won,62,82,73.0,94.0,t
2183817,6,985,442,2H,2588.318841,Pass,Simple pass,,59,79,71.0,89.0,t
2183821,6,985,1673,2H,2596.436463,Pass,Simple pass,,57,73,62.0,54.0,t
2183829,6,985,378,2H,2642.216281,Duel,Ground attacking duel,won,59,83,60.0,85.0,t
2183840,6,985,3234,2H,2737.843763,Duel,Air duel,won,36,90,3.0,97.0,t
2183847,59,985,2065,2H,2756.017914,Duel,Ground attacking duel,neutral,88,4,86.0,4.0,t
2183854,59,985,1314,2H,2776.105952,Duel,Ground attacking duel,won,89,12,92.0,16.0,t
2183861,6,985,1673,2H,2837.547802,Pass,Simple pass,,15,30,28.0,9.0,t
2183867,6,985,359,2H,2847.973666,Duel,Ground attacking duel,neutral,70,86,67.0,99.0,t
2183871,6,985,2162,2H,2862.952489,Pass,Simple pass,,64,5,80.0,5.0,t
2183881,6,985,3217,2H,2931.538313,Pass,High pass,,40,4,73.0,41.0,t
2183210,6,985,378,1H,2679.399798,Offside,,counter_attack,71,59,100.0,100.0,
